Date received,Product,Issue,Consumer complaint narrative,Company response to consumer,clean_text,text_length,word_count,record_id
02-09-2025,Credit reporting or other personal consumer reports,Incorrect information on your report,"Contents of Complaint : This CFPB complaint has been led to request pursuant to FCRA 605B ( 15 U.S.C. 1681c-2 ) that you, the Equifax credit reporting agency , block information appearing on my consumer credit report that is the result of identity theft and fraud within 4 business days of you receiving this complaint. This fraudulent, inaccurate, and false information consists of the following items : XXXX XX/XX/year> Equifax These items have resulted in other several fraudulent hard inquiries and fraudulent collections appearing on my consumer FICO credit report. I do not recognize the aforementioned accounts, collections, or hard inquiries as reported. The aforementioned accounts, collections, and hard inquiries appearing on my consumer credit report maintained by you were not opened, made, or initiated by me. All of the aforementioned accounts, collections, and hard inquiries are the result of identity theft and fraud. I've attached an affidavit of truth, proof of identity, proof of address and a copy of the consumer FICO credit report maintained by you which shows the aforementioned fraudulent items. I have also attached a copy of FTC Identity Theft Criminal Complaint # ( private case number ) as proof from the US Federal Trade Commission that all of the aforementioned consumer credit accounts, collections, and hard inquiries are the result of identity theft and fraud.",Closed with non-monetary relief,contents of complaint   this cfpb complaint has been led to request pursuant to fcra 605b   15 u s c  1681c 2   that you  the equifax credit reporting agency   block information appearing on my consumer credit report that is the result of identity theft and fraud within 4 business days of you receiving this complaint  this fraudulent  inaccurate  and false information consists of the following items   xxxx xx xx year  equifax these items have resulted in other several fraudulent hard inquiries and fraudulent collections appearing on my consumer fico credit report  i do not recognize the aforementioned accounts  collections  or hard inquiries as reported  the aforementioned accounts  collections  and hard inquiries appearing on my consumer credit report maintained by you were not opened  made  or initiated by me  all of the aforementioned accounts  collections  and hard inquiries are the result of identity theft and fraud  i ve attached an affidavit of truth  proof of identity  proof of address and a copy of the consumer fico credit report maintained by you which shows the aforementioned fraudulent items  i have also attached a copy of ftc identity theft criminal complaint     private case number   as proof from the us federal trade commission that all of the aforementioned consumer credit accounts  collections  and hard inquiries are the result of identity theft and fraud,1394,218,0
11-12-2024,Credit reporting or other personal consumer reports,Incorrect information on your report,"Im submitting a complaint to you today to inform you I was the victim of identity theft. I researched how to remove the fraudulent items in my report and found that I need to visit the FEDERAL TRADE COMMISSION or https : //www.ftc.gov to file a report Per FCRA section 605b Credit Reporting Agencies are required to remove/block any items listed on an ID theft report. Please find the ATTACHED documents to assist in blocking the erroneous information that is being posted to my report. 

Here is the list of items that do not belong to me or were opened without my permission. 
XXXX XXXX XXXX Balance : {$0.00} XXXX XXXX  XXXX Balance : {$0.00} XXXX XXXX  XXXX Balance : {$0.00} XXXX XXXX  XXXX Balance : {$0.00} XXXX XXXX Balance : {$0.00} XXXX XXXX Balance : {$0.00} XXXX XXXX Balance : {$0.00} XXXX XXXX Balance : {$0.00} : XXXX  XXXX XXXX Balance : {$0.00} XXXX  XXXX XXXX Balance : {$0.00} XXXX  XXXX Bankruptcy DateFiled/Reported : XX/XX/XXXX Reference # : XXXX XXXX XXXX XXXX XXXX XX/XX/XXXX XXXX XX/XX/XXXX",Closed with explanation,im submitting a complaint to you today to inform you i was the victim of identity theft  i researched how to remove the fraudulent items in my report and found that i need to visit the federal trade commission or https     www ftc gov to file a report per fcra section 605b credit reporting agencies are required to remove block any items listed on an id theft report  please find the attached documents to assist in blocking the erroneous information that is being posted to my report  here is the list of items that do not belong to me or were opened without my permission  xxxx xxxx xxxx balance     0 00  xxxx xxxx xxxx balance     0 00  xxxx xxxx xxxx balance     0 00  xxxx xxxx xxxx balance     0 00  xxxx xxxx balance     0 00  xxxx xxxx balance     0 00  xxxx xxxx balance     0 00  xxxx xxxx balance     0 00    xxxx xxxx xxxx balance     0 00  xxxx xxxx xxxx balance     0 00  xxxx xxxx bankruptcy datefiled reported   xx xx xxxx reference     xxxx xxxx xxxx xxxx xxxx xx xx xxxx xxxx xx xx xxxx,1006,182,1
19-06-2021,Debt collection,Attempts to collect debt not owed,"on XX/XX/2021, I sent a letter to Convergent Outsourcing requesting requesting legal documents about this alleged debt they claim I owe them. I am not liable for this debt with XXXX and I do not have a contract with Convergent Outsourcing. In addition, they did not provide me with the original application like I asked them. They sent me some statements, but fail to provide me with the original application therefore they need to delete this account from my credit reports",Closed with explanation,on xx xx 2021  i sent a letter to convergent outsourcing requesting requesting legal documents about this alleged debt they claim i owe them  i am not liable for this debt with xxxx and i do not have a contract with convergent outsourcing  in addition  they did not provide me with the original application like i asked them  they sent me some statements  but fail to provide me with the original application therefore they need to delete this account from my credit reports,474,83,2
19-05-2025,Credit reporting or other personal consumer reports,Problem with a company's investigation into an existing problem,"Hello! I am requesting an immediate correction of the mentioned account. The XXXX credit bureaus, obligated by federal law to promptly respond within the constitutionally prescribed time limit, have regrettably neglected their duty to address my letters. I am appealing to you to take swift action on this matter at your earliest convenience. Please correct the listed account above. Thank you. 
XXXX XXXX XXXX XXXX XXXX XXXX XXXX XXXX XXXX XXXX XXXX XXXX XXXX XXXX XXXX XXXX XXXX XXXX XXXX XXXX XXXX XXXX XXXXXX/XX/XXXX",Closed with non-monetary relief,hello  i am requesting an immediate correction of the mentioned account  the xxxx credit bureaus  obligated by federal law to promptly respond within the constitutionally prescribed time limit  have regrettably neglected their duty to address my letters  i am appealing to you to take swift action on this matter at your earliest convenience  please correct the listed account above  thank you  xxxx xxxx xxxx xxxx xxxx xxxx xxxx xxxx xxxx xxxx xxxx xxxx xxxx xxxx xxxx xxxx xxxx xxxx xxxx xxxx xxxx xxxx xxxxxx xx xxxx,519,86,3
08-02-2024,Credit reporting or other personal consumer reports,Incorrect information on your report,"I am writing to express my concern regarding unauthorized inquiries listed on my recent credit report. After reviewing the report, I have identified the following unauthorized inquiries. These unauthorized inquiries have adversely impacted my credit standing, making it difficult for me to apply for new credit. In light of this, I demand that you remove the listed inquiries immediately. 
XXXX XXXX XXXX XXXX XXXX XXXX XXXX XXXX XXXX XXXX XXXX XXXX XXXX XXXX XXXX XXXX XXXX XXXX XXXX XXXX XXXX XXXX XXXX XXXX XXXX XXXX XXXX XXXX XXXX XXXX XXXX XXXX XXXX XXXX XXXX XXXX XXXX XXXX XXXX XXXX XXXX XXXX XXXX XXXX XXXX XXXX XXXX XXXX XXXX XXXX XXXX XXXX XXXX XXXX XXXX XXXX XXXX XXXX XXXX XXXX XXXX XXXX",Closed with explanation,i am writing to express my concern regarding unauthorized inquiries listed on my recent credit report  after reviewing the report  i have identified the following unauthorized inquiries  these unauthorized inquiries have adversely impacted my credit standing  making it difficult for me to apply for new credit  in light of this  i demand that you remove the listed inquiries immediately  xxxx xxxx xxxx xxxx xxxx xxxx xxxx xxxx xxxx xxxx xxxx xxxx xxxx xxxx xxxx xxxx xxxx xxxx xxxx xxxx xxxx xxxx xxxx xxxx xxxx xxxx xxxx xxxx xxxx xxxx xxxx xxxx xxxx xxxx xxxx xxxx xxxx xxxx xxxx xxxx xxxx xxxx xxxx xxxx xxxx xxxx xxxx xxxx xxxx xxxx xxxx xxxx xxxx xxxx xxxx xxxx xxxx xxxx xxxx xxxx xxxx xxxx,698,121,4
16-10-2024,Checking or savings account,Problem with a lender or other company charging your account,"I had several transactions for unauthorized purchases. The money used to make the purchases was moved from our savings account to checking and paid with by debit card. We have since then closed the checking account, replaced the cards and added a freeze to our credit report. 

We have submitted 4 disputes to the bank for the transactions in question. Three of those disputes were approved withing a day or two. The balance of our money however has now been denied twice. The three disputes approved where used with the same merchant, same card and same bank accounts. 

I have filed a report with the Police and also working with XXXX to verify that these charges were unauthorized. I am attaching all the documentation provided to both Truist as well as XXXX. 

Not having these funds replaced by Truist has put us in a financial strain. We have been trying to resolve this for almost 2 months to date. We need a resolution as soon as possible as we have bills that are late. 

I have attached all supporting documents provided to Truist.",Closed with monetary relief,i had several transactions for unauthorized purchases  the money used to make the purchases was moved from our savings account to checking and paid with by debit card  we have since then closed the checking account  replaced the cards and added a freeze to our credit report  we have submitted 4 disputes to the bank for the transactions in question  three of those disputes were approved withing a day or two  the balance of our money however has now been denied twice  the three disputes approved where used with the same merchant  same card and same bank accounts  i have filed a report with the police and also working with xxxx to verify that these charges were unauthorized  i am attaching all the documentation provided to both truist as well as xxxx  not having these funds replaced by truist has put us in a financial strain  we have been trying to resolve this for almost 2 months to date  we need a resolution as soon as possible as we have bills that are late  i have attached all supporting documents provided to truist,1032,183,5
04-08-2024,Credit reporting or other personal consumer reports,Incorrect information on your report,"Synchrony Bank sent me an electronic letter stating that they made a decision to close my Lowes account due to various reasons. I have been a Lowes customer for over XXXX  years and make monthly payments. In addition, I have other cards with Synchrony Bank that I pay monthly. I have not had to make any payment arrangements with the creditor on any of the cards. I do not have mortgage on my credit report because I inherited a home and XXXX acres that is paid in full. Over the past year, Synchrony continued to reduce my limit, causing several over the limit to occur. I continued to pay monthly. In addition, I was not provided with any notification that this would be considered after being a long standing customer with Lowes. I am asking that Synchrony either reopen my account or agree to a XXXX XXXX  Settlement due to the tarnished relationship that they have caused. I would also like a letter of apology due the embarrassment that this has caused over the past year of having to contact them several times to mitigate the issue of them repeatedly locking my card in which I provided proof that it was in fact me making the purchases. Also, due to them closing my account, they have not only impacted my XXXX XXXX, but the XXXX authorized users as well. Remove them from this account. I can be reached at XXXX.",Closed with explanation,synchrony bank sent me an electronic letter stating that they made a decision to close my lowes account due to various reasons  i have been a lowes customer for over xxxx years and make monthly payments  in addition  i have other cards with synchrony bank that i pay monthly  i have not had to make any payment arrangements with the creditor on any of the cards  i do not have mortgage on my credit report because i inherited a home and xxxx acres that is paid in full  over the past year  synchrony continued to reduce my limit  causing several over the limit to occur  i continued to pay monthly  in addition  i was not provided with any notification that this would be considered after being a long standing customer with lowes  i am asking that synchrony either reopen my account or agree to a xxxx xxxx settlement due to the tarnished relationship that they have caused  i would also like a letter of apology due the embarrassment that this has caused over the past year of having to contact them several times to mitigate the issue of them repeatedly locking my card in which i provided proof that it was in fact me making the purchases  also  due to them closing my account  they have not only impacted my xxxx xxxx  but the xxxx authorized users as well  remove them from this account  i can be reached at xxxx,1318,240,6
14-01-2022,"Credit reporting, credit repair services, or other personal consumer reports",Improper use of your report,"I've recently checked my consumer report and I notice that this company placed an unauthorize inquiry on my consumer report. I suspect that my identity may have been stolen and that a possible crime has been committed by your corporation. There are no open accounts tied to this account on my consumer report, nor did I allow this company to report my personal information to any reporting agencies. Additionally, I am a protected consumer, this company is sending me mail which is a form of communication when I never done business with them before, nor did I get proof of my ignition of the account. I am demanding this inquiry to be deleted from my consumer report.",Closed with non-monetary relief,i ve recently checked my consumer report and i notice that this company placed an unauthorize inquiry on my consumer report  i suspect that my identity may have been stolen and that a possible crime has been committed by your corporation  there are no open accounts tied to this account on my consumer report  nor did i allow this company to report my personal information to any reporting agencies  additionally  i am a protected consumer  this company is sending me mail which is a form of communication when i never done business with them before  nor did i get proof of my ignition of the account  i am demanding this inquiry to be deleted from my consumer report,667,118,7
09-06-2025,Checking or savings account,Closing an account,"I have XXXX investment accounts with XXXX. They put a security freeze in my accounts and closed my checking account with an email notifying me. They say my XXXX investment accounts, one brokerage and 1 IRA are closed. They gave no notification as to why or when I can move my funds. I call daily and get no response other than they are closing my account and I can not move the funds. It's been going on XXXX weeks.",Closed with explanation,i have xxxx investment accounts with xxxx  they put a security freeze in my accounts and closed my checking account with an email notifying me  they say my xxxx investment accounts  one brokerage and 1 ira are closed  they gave no notification as to why or when i can move my funds  i call daily and get no response other than they are closing my account and i can not move the funds  it s been going on xxxx weeks,414,80,8
10-06-2022,"Credit reporting, credit repair services, or other personal consumer reports",Improper use of your report,"In accordance with the Fair Credit Reporting Act, XXXX Account # XXXX and XXXX XXXX account # XXXX have violated my rights. 

15 U.S.C. 1681 Section 602 A states I have the right to privacy.

15 U.S.C. 1681 Section 604 A Section 2 also states a consumer reporting agency can not furnish an account without my written instructions.",Closed with explanation,in accordance with the fair credit reporting act  xxxx account   xxxx and xxxx xxxx account   xxxx have violated my rights  15 u s c  1681 section 602 a states i have the right to privacy  15 u s c  1681 section 604 a section 2 also states a consumer reporting agency can not furnish an account without my written instructions,326,60,9
06-02-2025,Credit reporting or other personal consumer reports,Incorrect information on your report,"Under 15 USC 1681i ( a ) ( 1 ) ( A ) subject to subsection ( f ) and except as provided in subsection ( g ), If the completeness or accuracy of any item of information contained in a consumer 's file at a consumer reporting agency is disputed by the consumer and the consumer notifies the agency directly or indirectly through a reseller, of such dispute, the agency shall, free of charge, conduct a reasonable reinvestigation to determine whether the disputed information is inaccurate and record the current status of the disputed information, or delete the item from the file in accordance with paragraph ( 5 ), before the end of the 30-day period beginning on the date on which the agency receives the notice of the dispute from the consumer or reseller. 
XXXX XXXX XXXX",Closed with explanation,under 15 usc 1681i   a     1     a   subject to subsection   f   and except as provided in subsection   g    if the completeness or accuracy of any item of information contained in a consumer  s file at a consumer reporting agency is disputed by the consumer and the consumer notifies the agency directly or indirectly through a reseller  of such dispute  the agency shall  free of charge  conduct a reasonable reinvestigation to determine whether the disputed information is inaccurate and record the current status of the disputed information  or delete the item from the file in accordance with paragraph   5    before the end of the 30 day period beginning on the date on which the agency receives the notice of the dispute from the consumer or reseller  xxxx xxxx xxxx,773,128,10
23-06-2021,"Credit reporting, credit repair services, or other personal consumer reports",Unable to get your credit report or credit score,"I am a tax ID holder, and I do have credit established here in the US, 1. XXXX  : I am paying for credit monitoring and I have no problem accessing my information from my computer or mobile. When accessing the 3 credit bureaus from XXXX, ( which I am paying for ), I have no access to XXXX  or Equifax. I called in XXXX  and they said I have to actually call the companies themselves and file a case which I did, I opened cases two different times with both companies, XXXX  and Equifax about 2 months ago from the 1st complaint and about one month ago for the second complaint, and they promise a response to my email which never happened. 

2.XXXX  : I used to have my credit report online updated only once every year ( I was paying XXXX every month to have my credit available anytime I needed it ), I was upset with this and called them to refund my money, which they did, but they removed my access online to the Transunion credit report. I called in about a month ago to have it back, no response. 

3. Equifax : I have online access to the free report every month, called my Equifax, but I need it available 24/7 because I'm planning to fix my credit ( I need to know what my credit report is so I can actually go ahead and pay my debts ) ; I tried to upgrade my account to the paid service, but there was an error at the end of checkout, saying ( call us to number * ) which I did call, opened cases in two times, one two months ago, and another one month ago, no response whatsoever, this is why I am writing you. 

4. XXXX XXXX : They gave me a very bad rate considering was the only company will approve me because I am a Tax ID Holder even though my credit was very good at that time. I think this is discrimination.",Closed with explanation,i am a tax id holder  and i do have credit established here in the us  1  xxxx   i am paying for credit monitoring and i have no problem accessing my information from my computer or mobile  when accessing the 3 credit bureaus from xxxx    which i am paying for    i have no access to xxxx or equifax  i called in xxxx and they said i have to actually call the companies themselves and file a case which i did  i opened cases two different times with both companies  xxxx and equifax about 2 months ago from the 1st complaint and about one month ago for the second complaint  and they promise a response to my email which never happened  2 xxxx   i used to have my credit report online updated only once every year   i was paying xxxx every month to have my credit available anytime i needed it    i was upset with this and called them to refund my money  which they did  but they removed my access online to the transunion credit report  i called in about a month ago to have it back  no response  3  equifax   i have online access to the free report every month  called my equifax  but i need it available 24 7 because i m planning to fix my credit   i need to know what my credit report is so i can actually go ahead and pay my debts     i tried to upgrade my account to the paid service  but there was an error at the end of checkout  saying   call us to number     which i did call  opened cases in two times  one two months ago  and another one month ago  no response whatsoever  this is why i am writing you  4  xxxx xxxx   they gave me a very bad rate considering was the only company will approve me because i am a tax id holder even though my credit was very good at that time  i think this is discrimination,1717,331,11
31-05-2025,Credit reporting or other personal consumer reports,Incorrect information on your report,"I kindly request the Consumer Financial Protection Bureau ( CFPB ) to assist me in the removal of unauthorized and fraudulent accounts from my credit file, which were opened without my consent. Your support in rectifying these fraudulent entries would significantly enhance the accuracy of my credit report. I appreciate your assistance and hope that, with your help, the fraudulent items will be permanently removed in the next update. Thank you for your attention to this matter. 
XXXX XXXX XXXX XXXX XXXX XXXX XXXX XXXX XXXX XXXX XXXX XXXX XXXX XXXX XXXX XXXX XXXX XXXX XXXX XXXX XXXX XXXX XXXX XXXX XXXX XXXX XXXX XXXX XXXX XXXX",Closed with explanation,i kindly request the consumer financial protection bureau   cfpb   to assist me in the removal of unauthorized and fraudulent accounts from my credit file  which were opened without my consent  your support in rectifying these fraudulent entries would significantly enhance the accuracy of my credit report  i appreciate your assistance and hope that  with your help  the fraudulent items will be permanently removed in the next update  thank you for your attention to this matter  xxxx xxxx xxxx xxxx xxxx xxxx xxxx xxxx xxxx xxxx xxxx xxxx xxxx xxxx xxxx xxxx xxxx xxxx xxxx xxxx xxxx xxxx xxxx xxxx xxxx xxxx xxxx xxxx xxxx xxxx,631,105,12
20-09-2023,Credit reporting or other personal consumer reports,Problem with a company's investigation into an existing problem,"Seriously, it's been months since I investigated my credit report, and I realized that some of the information was still erroneous. The 3 credit bureaus are required to authenticate these items under Sections 609 ( a ) ( 1 ) ( A ) and 611 ( a ) ( 1 ). ( A ). It is not acceptable to treat these reporting items as unconfirmed information without producing proof within the legal time range. Sections 609 ( a ) ( 1 ) ( A ) and 611 ( a ) ( 1 ). ( A ), please investigate the unverifiable items and update them immediately in my report : XXXX XXXX XXXX XXXX XXXX XXXX XXXX XXXX XXXX XXXX XXXX XXXX XXXX XXXX XXXX XXXX XXXX XXXX XXXX XXXX XXXX XXXX XXXX XXXX XXXX XXXX XXXX XXXX XXXX XXXX XXXX XXXX XXXX XXXX",Closed with non-monetary relief,seriously  it s been months since i investigated my credit report  and i realized that some of the information was still erroneous  the 3 credit bureaus are required to authenticate these items under sections 609   a     1     a   and 611   a     1      a    it is not acceptable to treat these reporting items as unconfirmed information without producing proof within the legal time range  sections 609   a     1     a   and 611   a     1      a    please investigate the unverifiable items and update them immediately in my report   xxxx xxxx xxxx xxxx xxxx xxxx xxxx xxxx xxxx xxxx xxxx xxxx xxxx xxxx xxxx xxxx xxxx xxxx xxxx xxxx xxxx xxxx xxxx xxxx xxxx xxxx xxxx xxxx xxxx xxxx xxxx xxxx xxxx xxxx,704,119,13
20-01-2024,Credit reporting or other personal consumer reports,Incorrect information on your report,"On XX/XX/XXXX, I submitted a Notice of Dispute to LexisNexis ( XXXX ) and requested the removal of inaccurate Identification Records from my LexisNexis Consumer Disclosure Report. 

On XX/XX/XXXX, I submitted a Notice of LexisNexis Failure to Respond to my Notice of Dispute ( XXXX ) and demanded the removal of inaccurate Identification Records from my LexisNexis Consumer Disclosure Report. 

On XX/XX/XXXX, I submitted a SECOND Notice of LexisNexis Failure to Respond to my Notice of Dispute ( XXXX- XXXX ) and demanded the removal of inaccurate Identification Records from my LexisNexis Consumer Disclosure Report. 

On XX/XX/XXXX, I spoke with LexisNexis ' representative named XXXX who initiated another dispute regarding the inaccurate Identification Records that LexisNexis is reporting on my LexisNexis Consumer Disclosure Report. 

This is my THIRD Notice of LexisNexis failure to respond to my Notice of Dispute dated XX/XX/XXXX, within the 30-day statutory deadline as required by the Fair Credit Reporting Act ( FCRA ) 611 ( a ) ( 1 ) ( A ). 

Pursuant to FCRA 611 ( a ) ( 1 ) ( A ), the 30-day statutory deadline for LexisNexis to respond to my Notice of Dispute was XX/XX/XXXX. 

In fact, LexisNexis has refused to respond to any of my Notices of Dispute within the 30-day statutory deadline as required by the FCRA 611 ( a ) ( 1 ) ( A ). 

Therefore, per FCRA 611 ( a ) ( 5 ) ( A ) ( i ), the disputed information must be deemed UNVERIFIABLE and, therefore, I demand that the unverified Identification Records be promptly deleted from my LexisNexis Consumer Disclosure Report. 

Upon review of my LexisNexis Consumer Disclosure Report dated XX/XX/XXXX ( See attached Supporting Document # 1 ), LexisNexis is STILL reporting inaccurate information regarding my Identification Records. This inaccurate information must be immediately deleted from my LexisNexis Consumer Disclosure Report.",Closed with explanation,on xx xx xxxx  i submitted a notice of dispute to lexisnexis   xxxx   and requested the removal of inaccurate identification records from my lexisnexis consumer disclosure report  on xx xx xxxx  i submitted a notice of lexisnexis failure to respond to my notice of dispute   xxxx   and demanded the removal of inaccurate identification records from my lexisnexis consumer disclosure report  on xx xx xxxx  i submitted a second notice of lexisnexis failure to respond to my notice of dispute   xxxx  xxxx   and demanded the removal of inaccurate identification records from my lexisnexis consumer disclosure report  on xx xx xxxx  i spoke with lexisnexis   representative named xxxx who initiated another dispute regarding the inaccurate identification records that lexisnexis is reporting on my lexisnexis consumer disclosure report  this is my third notice of lexisnexis failure to respond to my notice of dispute dated xx xx xxxx  within the 30 day statutory deadline as required by the fair credit reporting act   fcra   611   a     1     a    pursuant to fcra 611   a     1     a    the 30 day statutory deadline for lexisnexis to respond to my notice of dispute was xx xx xxxx  in fact  lexisnexis has refused to respond to any of my notices of dispute within the 30 day statutory deadline as required by the fcra 611   a     1     a    therefore  per fcra 611   a     5     a     i    the disputed information must be deemed unverifiable and  therefore  i demand that the unverified identification records be promptly deleted from my lexisnexis consumer disclosure report  upon review of my lexisnexis consumer disclosure report dated xx xx xxxx   see attached supporting document   1    lexisnexis is still reporting inaccurate information regarding my identification records  this inaccurate information must be immediately deleted from my lexisnexis consumer disclosure report,1885,290,14
21-08-2024,Credit card,"Other features, terms, or problems","I called Chase Bank, i told them there is no fraud involved, they cleared, my cards, i tried to buy a gift card, i used XXXX, of my points, they froze my accounts again, we will investigate, for fraud, they said, been three days, my points, they belonged to me i earned them by buying goods. They are more important than me. And they have spread false information, i tried, to open two other credit cards, they turned me down said, there was fraud involved, ain't no fraud, just some high handed XXXX XXXX. I have XXXX, in my checking account, i have XXXX, in a savings account, it's handy, to use credit cards, but they had no right to freeze my points, that belonged to me.",Closed with explanation,i called chase bank  i told them there is no fraud involved  they cleared  my cards  i tried to buy a gift card  i used xxxx  of my points  they froze my accounts again  we will investigate  for fraud  they said  been three days  my points  they belonged to me i earned them by buying goods  they are more important than me  and they have spread false information  i tried  to open two other credit cards  they turned me down said  there was fraud involved  ain t no fraud  just some high handed xxxx xxxx  i have xxxx  in my checking account  i have xxxx  in a savings account  it s handy  to use credit cards  but they had no right to freeze my points  that belonged to me,674,129,15
07-02-2025,Credit reporting or other personal consumer reports,Incorrect information on your report,"Under 15 USC 1681i ( a ) ( 1 ) ( A ) subject to subsection ( f ) and except as provided in subsection ( g ), If the completeness or accuracy of any item of information contained in a consumer 's file at a consumer reporting agency is disputed by the consumer and the consumer notifies the agency directly or indirectly through a reseller, of such dispute, the agency shall, free of charge, conduct a reasonable reinvestigation to determine whether the disputed information is inaccurate and record the current status of the disputed information, or delete the item from the file in accordance with paragraph ( 5 ), before the end of the 30-day period beginning on the date on which the agency receives the notice of the dispute from the consumer or reseller. 

Account name : XXXX  Account number : XXXX Account name : XXXX XXXX Account number : XXXX Account name : XXXX Account number : XXXX Account name : XXXX Account number : XXXX Account name : XXXX XXXX Account number : XXXX Account name : XXXX XXXX Account number : XXXX Account name : XXXX  XXXX Account number : XXXX Account name : XXXX XXXX XXXX Account number : XXXX Account name : XXXX XXXX XXXX Account number : XXXX Account name : XXXX Account XXXX : XXXX XXXX XXXXXX/XX/2023",Closed with explanation,under 15 usc 1681i   a     1     a   subject to subsection   f   and except as provided in subsection   g    if the completeness or accuracy of any item of information contained in a consumer  s file at a consumer reporting agency is disputed by the consumer and the consumer notifies the agency directly or indirectly through a reseller  of such dispute  the agency shall  free of charge  conduct a reasonable reinvestigation to determine whether the disputed information is inaccurate and record the current status of the disputed information  or delete the item from the file in accordance with paragraph   5    before the end of the 30 day period beginning on the date on which the agency receives the notice of the dispute from the consumer or reseller  account name   xxxx account number   xxxx account name   xxxx xxxx account number   xxxx account name   xxxx account number   xxxx account name   xxxx account number   xxxx account name   xxxx xxxx account number   xxxx account name   xxxx xxxx account number   xxxx account name   xxxx xxxx account number   xxxx account name   xxxx xxxx xxxx account number   xxxx account name   xxxx xxxx xxxx account number   xxxx account name   xxxx account xxxx   xxxx xxxx xxxxxx xx 2023,1236,197,16
04-01-2025,Credit reporting or other personal consumer reports,Problem with a company's investigation into an existing problem,I discovered that some of the information was erroneous. The 3 credit bureaus must validate these accounts in line with Sections 609 ( a ) ( 1 ) ( A ) and 611 ( a ) ( 1 ) ( A ). It is not authorized to fail to validate these reporting accounts as unverified information without providing any proof within the period allowed by law. The following accounts need to investigate and correct from erroneous reporting in my file are listed on my credit report : XXXX XXXX XXXX XXXX : {$6.00},Closed with non-monetary relief,i discovered that some of the information was erroneous  the 3 credit bureaus must validate these accounts in line with sections 609   a     1     a   and 611   a     1     a    it is not authorized to fail to validate these reporting accounts as unverified information without providing any proof within the period allowed by law  the following accounts need to investigate and correct from erroneous reporting in my file are listed on my credit report   xxxx xxxx xxxx xxxx     6 00,484,80,17
11-11-2025,Credit reporting or other personal consumer reports,Incorrect information on your report,"This complaint is deliberate and not made in error. I have reached out to the credit bureau several times requesting that all dispute remarks be removed and that any investigations for accounts I am no longer disputing be closed. Despite my repeated attempts, these dispute notations continue to appear on my credit report. These lingering comments are creating unnecessary setbacks, particularly as I am in the process of applying for a mortgage. The continued presence of in dispute or similar language misrepresents my actual credit standing and is interfering with my approval process.",Closed with non-monetary relief,this complaint is deliberate and not made in error  i have reached out to the credit bureau several times requesting that all dispute remarks be removed and that any investigations for accounts i am no longer disputing be closed  despite my repeated attempts  these dispute notations continue to appear on my credit report  these lingering comments are creating unnecessary setbacks  particularly as i am in the process of applying for a mortgage  the continued presence of in dispute or similar language misrepresents my actual credit standing and is interfering with my approval process,588,93,18
28-05-2025,Credit reporting or other personal consumer reports,Incorrect information on your report,"Equifax is in direct violation of multiple sections of the Fair Credit Reporting Act ( FCRA ). I have requested my full consumer file twiceonce by phone on XXXX XXXX, 2025, and again by certified mail on XXXX XXXX, 2025. Despite these valid and documented requests, Equifax failed to provide the legally required full consumer file under FCRA 609, sending only a standard credit disclosure without my archived data, dispute logs, or investigation records.

Additionally, Equifax continues to report duplicate XXXX XXXX charge-off accounts on my credit file, violating FCRA 607 ( b ), which requires credit reporting agencies to maintain maximum accuracy. I have submitted disputes regarding these accounts, yet Equifax has refused to remove the duplicates or verify their legitimacy.

Equifax is also reporting a XXXX XXXX XXXX  account as a charge-off in XXXX  2025, after it was paid in full on XXXX XXXX, 2025. This is false reporting and constitutes a violation of FCRA 611, as Equifax has failed to properly investigate and correct inaccurate information following my dispute.

To make matters worse, Equifax received my Final Notice Before Lawsuit letter by certified mail ( proof of receipt dated XXXX XXXX, 2025 ) and failed to respond within the 10-business-day deadline. This demonstrates bad faith and procedural obstruction of my rights under the FCRA.

I am seeking the following resolution : Full deletion of all duplicate and inaccurate accounts Immediate delivery of my full consumer file as defined by FCRA 609 Written verification of all disputed accounts or immediate removal A formal acknowledgment of FCRA violations and correction timeline Financial compensation for documented damages as I prepare to escalate this matter to federal court I am attaching all supporting evidence, including certified mail receipts, disputed credit entries, and Equifaxs failure to comply.",Closed with explanation,equifax is in direct violation of multiple sections of the fair credit reporting act   fcra    i have requested my full consumer file twiceonce by phone on xxxx xxxx  2025  and again by certified mail on xxxx xxxx  2025  despite these valid and documented requests  equifax failed to provide the legally required full consumer file under fcra 609  sending only a standard credit disclosure without my archived data  dispute logs  or investigation records  additionally  equifax continues to report duplicate xxxx xxxx charge off accounts on my credit file  violating fcra 607   b    which requires credit reporting agencies to maintain maximum accuracy  i have submitted disputes regarding these accounts  yet equifax has refused to remove the duplicates or verify their legitimacy  equifax is also reporting a xxxx xxxx xxxx account as a charge off in xxxx 2025  after it was paid in full on xxxx xxxx  2025  this is false reporting and constitutes a violation of fcra 611  as equifax has failed to properly investigate and correct inaccurate information following my dispute  to make matters worse  equifax received my final notice before lawsuit letter by certified mail   proof of receipt dated xxxx xxxx  2025   and failed to respond within the 10 business day deadline  this demonstrates bad faith and procedural obstruction of my rights under the fcra  i am seeking the following resolution   full deletion of all duplicate and inaccurate accounts immediate delivery of my full consumer file as defined by fcra 609 written verification of all disputed accounts or immediate removal a formal acknowledgment of fcra violations and correction timeline financial compensation for documented damages as i prepare to escalate this matter to federal court i am attaching all supporting evidence  including certified mail receipts  disputed credit entries  and equifaxs failure to comply,1886,292,19
01-02-2021,"Credit reporting, credit repair services, or other personal consumer reports",Problem with a credit reporting company's investigation into an existing problem,"on XXXX I sent in a letter to validate accounts on my credit report, they did not resond. I sent in a failure to respond letter on XXXX it's now past 45 days and by law it must be removed!",Closed with explanation,on xxxx i sent in a letter to validate accounts on my credit report  they did not resond  i sent in a failure to respond letter on xxxx it s now past 45 days and by law it must be removed,187,41,20
23-09-2022,Credit card or prepaid card,Closing your account,"Hello, I had a Synchrony Lowe 's card and was a reliable customer making payments each month. This abruptly ended on XX/XX/22 when I was informed via a letter that my account was being closed, on XX/XX/22. To my dismay, I found out that Synchrony was erroneously trying to process payments from a debit card that was closed due to fraud. I had closed this account that month and had set up payment options with a new card, but still, Synchrony tried to pull multiple payments. This has put me in bad standing with Synchrony and inhibited my ability to get financing for a new mattress. 

I have called Synchrony 3 or more times to get this fixed. The first time I called I asked to file a complaint with the Credit Bureau, but no follow-up occurred. The second time I called I was asked to get a letter from my bank noting my debit account was closed due to fraud and mail it to Synchrony and my account could be restored. This again, turned out to be poor advice as I merely received a letter from Synchrony noting the account had ( obviously ) been closed. This spurred my third call where I was told there was simply nothing that could be done by Synchrony and that the black mark would remain. 

Synchrony needs to be held accountable for these practices. They should notify folks of issues like this and put forth some type of effort to remediate the situation for their customers. I was told they do notify folks, but I never spoke to anyone or had written correspondence of this. I have spent much more time on this than I would have liked due to a companies bad policies. They are a bad actor and need to be held responsible.",Closed with explanation,hello  i had a synchrony lowe  s card and was a reliable customer making payments each month  this abruptly ended on xx xx 22 when i was informed via a letter that my account was being closed  on xx xx 22  to my dismay  i found out that synchrony was erroneously trying to process payments from a debit card that was closed due to fraud  i had closed this account that month and had set up payment options with a new card  but still  synchrony tried to pull multiple payments  this has put me in bad standing with synchrony and inhibited my ability to get financing for a new mattress  i have called synchrony 3 or more times to get this fixed  the first time i called i asked to file a complaint with the credit bureau  but no follow up occurred  the second time i called i was asked to get a letter from my bank noting my debit account was closed due to fraud and mail it to synchrony and my account could be restored  this again  turned out to be poor advice as i merely received a letter from synchrony noting the account had   obviously   been closed  this spurred my third call where i was told there was simply nothing that could be done by synchrony and that the black mark would remain  synchrony needs to be held accountable for these practices  they should notify folks of issues like this and put forth some type of effort to remediate the situation for their customers  i was told they do notify folks  but i never spoke to anyone or had written correspondence of this  i have spent much more time on this than i would have liked due to a companies bad policies  they are a bad actor and need to be held responsible,1628,306,21
12-10-2022,Checking or savings account,Opening an account,I have received 3 cashapp debit cards for accounts I did not create. When I try to speak to a supervisor for help employees refuse.,Closed with explanation,i have received 3 cashapp debit cards for accounts i did not create  when i try to speak to a supervisor for help employees refuse,130,25,22
06-09-2021,Mortgage,Struggling to pay mortgage,"Currently, Mr. Cooper has our home up for sale on XX/XX/2021, even after we sent them a complete/full modification package. They did not send me any proposal mortgage modification packages.",Closed with explanation,currently  mr  cooper has our home up for sale on xx xx 2021  even after we sent them a complete full modification package  they did not send me any proposal mortgage modification packages,188,33,23
17-12-2020,Debt collection,Written notification about debt,"Consumer Loan ending in XXXX On XX/XX/2020, I received a letter and a fraudulent contract that infringed upon my rights as a consumer. On or about I mailed USAA a Debt Validation Letter and Cease and Desist Letter by certified mail dated XXXX XX/XX/2020 and they were in receipt XXXX XX/XX/2020. In return, they sent me the fraudulent contract as an answer to my request. I sent a notarized Affidavit of Truth outlining their violations, another cease and desist detailing my remedy, copies of my exhibits, and an invoice for my violations. Please see attached.",Closed with explanation,consumer loan ending in xxxx on xx xx 2020  i received a letter and a fraudulent contract that infringed upon my rights as a consumer  on or about i mailed usaa a debt validation letter and cease and desist letter by certified mail dated xxxx xx xx 2020 and they were in receipt xxxx xx xx 2020  in return  they sent me the fraudulent contract as an answer to my request  i sent a notarized affidavit of truth outlining their violations  another cease and desist detailing my remedy  copies of my exhibits  and an invoice for my violations  please see attached,560,101,24
23-11-2022,"Credit reporting, credit repair services, or other personal consumer reports",Improper use of your report,Please update my personal information and delete all of the accounts with errors which I have attached they are affecting me from getting approved for a home loan,Closed with explanation,please update my personal information and delete all of the accounts with errors which i have attached they are affecting me from getting approved for a home loan,162,28,25
06-11-2018,Debt collection,Attempts to collect debt not owed,"The collection company in question, DIVERSIFIED CONSULTANT, XXXX XXXX XXXX XXXX, XXXX, FL XXXX, ( XXXX ) XXXX - is collecting a debt on behalf of the original creditor, XXXX XXXX, in the amount of {$830.00}. The open date listed on my XXXX  credit report is XX/XX/XXXX which is incorrect. I was living and working abroad in XXXX XXXX during this time and the XXXX network is not even available in this country. I have a job offer letter to that proves this timeframe. However it is listed as a recent collection on my credit report which has caused me to be denied a startup business loan from XXXX, a lender out of XXXX XXXX XXXX, UT, which reported they checked my credit report and it showed this XXXX account as a new collection as of XXXX, XXXX, XXXX. I had the same issue with this account being listed on my XXXX credit file in which I disputed it and it was removed. I tried disputing it on XXXX, but it did not get removed. This is false reporting by this collection agency and they re-aged this account after acquiring it from another collection agency in an attempt to hold on to the account longer than the statue of limitations for the state of Alabama, which is my legal residence allows. This agency has not contacted me or attempted to contact me in any way. This negative posting on my credit report has caused a hardship in that it has denied my family the chance to move forward with a business venture that would tremendously improve our economic standing and provide a quality service for the community.",Closed with non-monetary relief,the collection company in question  diversified consultant  xxxx xxxx xxxx xxxx  xxxx  fl xxxx    xxxx   xxxx   is collecting a debt on behalf of the original creditor  xxxx xxxx  in the amount of   830 00   the open date listed on my xxxx credit report is xx xx xxxx which is incorrect  i was living and working abroad in xxxx xxxx during this time and the xxxx network is not even available in this country  i have a job offer letter to that proves this timeframe  however it is listed as a recent collection on my credit report which has caused me to be denied a startup business loan from xxxx  a lender out of xxxx xxxx xxxx  ut  which reported they checked my credit report and it showed this xxxx account as a new collection as of xxxx  xxxx  xxxx  i had the same issue with this account being listed on my xxxx credit file in which i disputed it and it was removed  i tried disputing it on xxxx  but it did not get removed  this is false reporting by this collection agency and they re aged this account after acquiring it from another collection agency in an attempt to hold on to the account longer than the statue of limitations for the state of alabama  which is my legal residence allows  this agency has not contacted me or attempted to contact me in any way  this negative posting on my credit report has caused a hardship in that it has denied my family the chance to move forward with a business venture that would tremendously improve our economic standing and provide a quality service for the community,1522,278,26
01-02-2024,Mortgage,Trouble during payment process,"My loan was originally with Benchmark Home Loans. My loan was sold in approximately XX/XX/XXXX, and Mr. Cooper became my new mortgage servicer. Prior to Mr. Cooper becoming my mortgage servicer, I placed my homeowners insurance with XXXX XXXX XXXX Mr. Cooper has been receiving mortgage payments along with payments into an escrow account to pay my insurance renewal. 

My homeowners insurance renewal bill was issued by XXXX XXXX XXXX Mr. Cooper did not issue a check to pay the preium XXXX per their own admission. My premium payment was due XX/XX/XXXX. On XX/XX/XXXX, my premium was 8 days overdue with XXXX and they advised they had not received payment from Mr. Cooper. Therefore, I was forced to pay my homeowners insurance premium in the amount of {$2000.00} in full to avoid my policy being rescinded/cancelled for non-payment of premium. 

I pay into an escrow account and expect my mortgage servicer to promptly pay taxes and insurance bills. Mr. Cooper failed to pay my insurance bill timely, which could have resulted in a significant exposure by having my insurance rescinded, leading to higher premiums with less coverage. I have also had to previously remind them to pay my county tax bill to avoid penalties. Further, Mr. Cooper 's recent data breach has exposed my personal information. Mr. Cooper is failing to promptly service my escrow account and does not appear to be taking appropriate action to protect my interests.",Closed with explanation,my loan was originally with benchmark home loans  my loan was sold in approximately xx xx xxxx  and mr  cooper became my new mortgage servicer  prior to mr  cooper becoming my mortgage servicer  i placed my homeowners insurance with xxxx xxxx xxxx mr  cooper has been receiving mortgage payments along with payments into an escrow account to pay my insurance renewal  my homeowners insurance renewal bill was issued by xxxx xxxx xxxx mr  cooper did not issue a check to pay the preium xxxx per their own admission  my premium payment was due xx xx xxxx  on xx xx xxxx  my premium was 8 days overdue with xxxx and they advised they had not received payment from mr  cooper  therefore  i was forced to pay my homeowners insurance premium in the amount of   2000 00  in full to avoid my policy being rescinded cancelled for non payment of premium  i pay into an escrow account and expect my mortgage servicer to promptly pay taxes and insurance bills  mr  cooper failed to pay my insurance bill timely  which could have resulted in a significant exposure by having my insurance rescinded  leading to higher premiums with less coverage  i have also had to previously remind them to pay my county tax bill to avoid penalties  further  mr  cooper  s recent data breach has exposed my personal information  mr  cooper is failing to promptly service my escrow account and does not appear to be taking appropriate action to protect my interests,1435,248,27
15-07-2025,Debt collection,Attempts to collect debt not owed,I opened an account with a company called XXXX XXXX  like XXXX XXXX ago and paid my account off in full. Now Jefferson Capital Systems XXXX keeps harassing me saying I owe XXXX and that I need to pay this immediately. I immediately told that I paid my account off years ago and nothing has been done. I since then have learned that XXXX XXXX  has went out of business years ago.,Closed with explanation,i opened an account with a company called xxxx xxxx like xxxx xxxx ago and paid my account off in full  now jefferson capital systems xxxx keeps harassing me saying i owe xxxx and that i need to pay this immediately  i immediately told that i paid my account off years ago and nothing has been done  i since then have learned that xxxx xxxx has went out of business years ago,375,72,28
31-10-2023,Credit reporting or other personal consumer reports,Problem with a company's investigation into an existing problem,"I was trying to purchase a house and realized that I had major issues with my credit file. According to the 15 u, s, c 1681A law states that late payments are illegal. My late pay came during the pandemic which I thought that the government had expressed to the bill collectors to be more lenient. Also 15 USC Section 604 states rights to consumers ' privacy. Reporting agencies can not furnish an account without my written consent. The resolution to this is to delete the listed accounts. 
XXXX XXXX XXXXXXXX With TransUnion, XXXX, and XXXX XXXX XXXX XXXX Transunion, XXXX, and XXXX XXXX XXXX XXXX, XXXX, and XXXX XXXX XXXX XXXX Transunion, XXXX, and XXXX XXXX XXXX Transunion XXXX and XXXX XXXX XXXX Transunion XXXX and XXXX XXXX XXXX XXXXXXXX Transunion XXXX XXXX and XXXX XXXX XXXXXXXX Transunion, XXXX and XXXX",Closed with non-monetary relief,i was trying to purchase a house and realized that i had major issues with my credit file  according to the 15 u  s  c 1681a law states that late payments are illegal  my late pay came during the pandemic which i thought that the government had expressed to the bill collectors to be more lenient  also 15 usc section 604 states rights to consumers   privacy  reporting agencies can not furnish an account without my written consent  the resolution to this is to delete the listed accounts  xxxx xxxx xxxxxxxx with transunion  xxxx  and xxxx xxxx xxxx xxxx transunion  xxxx  and xxxx xxxx xxxx xxxx  xxxx  and xxxx xxxx xxxx xxxx transunion  xxxx  and xxxx xxxx xxxx transunion xxxx and xxxx xxxx xxxx transunion xxxx and xxxx xxxx xxxx xxxxxxxx transunion xxxx xxxx and xxxx xxxx xxxxxxxx transunion  xxxx and xxxx,815,141,29
13-12-2023,Debt collection,Written notification about debt,"I wish that you are doing well as I write this. I'm writing to let you know of an issue with my account 's reporting of late payments. I found that there are late payment entries on my account that have lowered my credit score after looking over my most recent credit report. 

I understand the importance of accurate reporting, and I am committed to maintaining a positive credit history. However, I believe there may be errors in the reporting of late payments on my account. I am specifically referring to the following details : XXXX XXXX XXXX This account was NEVER late. The late payment is erroneous. Those payments were made on time. I am requesting that the late payment markings be updated to reflect my accurate payment history. If there is any confusion, I suggest you contact me or XXXX XXXX customer service. XXXX have already removed this account from their records. There was an error present & they were able to find it. I'm confused about how you've verified it while the other bureaus have removed it. Please correct or remove this from my file. It is inaccurate, erroneous, incomplete, or unverifiable. 

After carefully examining my financial records, I have found that these late payments are either inaccurately reported or were submitted in error. I kindly request that you review my account and, if appropriate, remove the mentioned late payments from my account history.",Closed with non-monetary relief,i wish that you are doing well as i write this  i m writing to let you know of an issue with my account  s reporting of late payments  i found that there are late payment entries on my account that have lowered my credit score after looking over my most recent credit report  i understand the importance of accurate reporting  and i am committed to maintaining a positive credit history  however  i believe there may be errors in the reporting of late payments on my account  i am specifically referring to the following details   xxxx xxxx xxxx this account was never late  the late payment is erroneous  those payments were made on time  i am requesting that the late payment markings be updated to reflect my accurate payment history  if there is any confusion  i suggest you contact me or xxxx xxxx customer service  xxxx have already removed this account from their records  there was an error present   they were able to find it  i m confused about how you ve verified it while the other bureaus have removed it  please correct or remove this from my file  it is inaccurate  erroneous  incomplete  or unverifiable  after carefully examining my financial records  i have found that these late payments are either inaccurately reported or were submitted in error  i kindly request that you review my account and  if appropriate  remove the mentioned late payments from my account history,1391,238,30
16-07-2025,Debt collection,False statements or representation,"Under 15 USC 1692c, you violated my rights by unlawful communications. This collection is invalid. Remove it from my credit report immediately or I will pursue all illegal remedies available.",Closed with explanation,under 15 usc 1692c  you violated my rights by unlawful communications  this collection is invalid  remove it from my credit report immediately or i will pursue all illegal remedies available,190,30,31
29-12-2025,Student loan,Dealing with your lender or servicer,"Hello to whom it may concern ; I have called and ask for itemized statements on each loan and nothing was provided. I have spoke with several representatives that has given me all false information regarding my account and does not match up with the records I have on file. My account has been sent to various loan lenders which is unacceptable or ethical for business. This allows for foul play and additional hidden fees to occur.

Please be advised",Closed with explanation,hello to whom it may concern   i have called and ask for itemized statements on each loan and nothing was provided  i have spoke with several representatives that has given me all false information regarding my account and does not match up with the records i have on file  my account has been sent to various loan lenders which is unacceptable or ethical for business  this allows for foul play and additional hidden fees to occur  please be advised,450,79,32
30-01-2023,"Credit reporting, credit repair services, or other personal consumer reports",Incorrect information on your report,It has been drawn out that Credit Bureaus are not hindering records when I sent a copy of the FTC report. Since it is a necessity by regulation 605b of the FCRA I'm sending this Complaint to assist with laying out a lawful response. In the event that you decide to not obstruct the accompanyin g things recorded beneath which are answering erroneously because of fraud. Here are the ITEMS that need to be removed from my file : XXXX XXXX XXXX XXXX XXXX XXXX XXXX XXXX XXXX XXXX XXXX XXXX XXXX XXXX XXXX XXXX XXXX XXXX XXXX XXXX XXXX XXXX XXXX XXXX XXXX XXXX XXXX XXXX XXXX XXXX XXXX XXXX XXXX XXXX XXXX XXXX XXXX XXXX XXXX XXXX XXXX XXXX XXXX XXXX XXXX XXXX XXXX XXXX XXXX XXXX,Closed with non-monetary relief,it has been drawn out that credit bureaus are not hindering records when i sent a copy of the ftc report  since it is a necessity by regulation 605b of the fcra i m sending this complaint to assist with laying out a lawful response  in the event that you decide to not obstruct the accompanyin g things recorded beneath which are answering erroneously because of fraud  here are the items that need to be removed from my file   xxxx xxxx xxxx xxxx xxxx xxxx xxxx xxxx xxxx xxxx xxxx xxxx xxxx xxxx xxxx xxxx xxxx xxxx xxxx xxxx xxxx xxxx xxxx xxxx xxxx xxxx xxxx xxxx xxxx xxxx xxxx xxxx xxxx xxxx xxxx xxxx xxxx xxxx xxxx xxxx xxxx xxxx xxxx xxxx xxxx xxxx xxxx xxxx xxxx xxxx,677,129,33
12-11-2022,Debt collection,Written notification about debt,"On XX/XX/2022 I received a mailed document to an old address XXXX XXXX XXXX XXXX XXXX, IL XXXX. I am being contacted about loans from Navient : Loan Number : XXXX Amount : {$8300.00} Loan Number : XXXX Amount : {$1400.00} Loan Number : XXXX Amount : {$4000.00} XXXX XXXX XXXX XXXX XXXX XXXX, XXXX should provide me a payment history for all loans listed and payment options. At this time I am only able to make a payment of {$25.00} for XXXX XXXX. 

Please do not contact me via mail instead contact me via email XXXX XXXX",Closed with explanation,on xx xx 2022 i received a mailed document to an old address xxxx xxxx xxxx xxxx xxxx  il xxxx  i am being contacted about loans from navient   loan number   xxxx amount     8300 00  loan number   xxxx amount     1400 00  loan number   xxxx amount     4000 00  xxxx xxxx xxxx xxxx xxxx xxxx  xxxx should provide me a payment history for all loans listed and payment options  at this time i am only able to make a payment of   25 00  for xxxx xxxx  please do not contact me via mail instead contact me via email xxxx xxxx,520,97,34
19-04-2024,Credit reporting or other personal consumer reports,Improper use of your report,"Upon reviewing my XXXX, XXXX and Equifax credit reports, I have identified unauthorized inquiries. I kindly request the deletion and blocking of these items that do not belong to me within the next XXXX business days.",Closed with non-monetary relief,upon reviewing my xxxx  xxxx and equifax credit reports  i have identified unauthorized inquiries  i kindly request the deletion and blocking of these items that do not belong to me within the next xxxx business days,216,36,35
10-10-2023,Credit reporting or other personal consumer reports,Incorrect information on your report,"I appreciate your time to REMOVED some of the information in my file that resulted from an alleged identity theft but I have an items left that need to be removed or Block. Per FCRA section 605 you are required to remove these items listed on an ID THEFT REPORT # XXXX. Ive already included this report in a previous letter & I am including it again. Ive informed my attorney of my intentions & they are excited to hold you accountable for your willful noncompliance. 
XXXX XXXX XXXX XXXX XXXX XXXX XXXX, CA XXXX XXXX XXXX XXXX XXXX XXXX XXXX XXXX XXXX XXXX, CA XXXX XX/XX/202XXXX XXXX XXXX XXXXXXXX Balance : {$0.00} XXXX XX/XX/2023",Closed with explanation,i appreciate your time to removed some of the information in my file that resulted from an alleged identity theft but i have an items left that need to be removed or block  per fcra section 605 you are required to remove these items listed on an id theft report   xxxx  ive already included this report in a previous letter   i am including it again  ive informed my attorney of my intentions   they are excited to hold you accountable for your willful noncompliance  xxxx xxxx xxxx xxxx xxxx xxxx xxxx  ca xxxx xxxx xxxx xxxx xxxx xxxx xxxx xxxx xxxx xxxx  ca xxxx xx xx 202xxxx xxxx xxxx xxxxxxxx balance     0 00  xxxx xx xx 2023,632,116,36
22-08-2025,Credit reporting or other personal consumer reports,Improper use of your report,"I am filing this complaint because my credit file continues to display unauthorized hard inquiries that were made without my knowledge or consent.

Under the Fair Credit Reporting Act ( FCRA ), Section 1681b ( a ) ( 3 ) ( A ), a permissible purpose is required for any hard inquiry. None of these inquiries were authorized by me, nor were they connected to any legitimate extension of credit. Their continued presence on my report is therefore a direct violation of federal law. 

The following inquiries are unauthorized and must be permanently deleted : NEGATIVE MARK / ACCOUNT NUMBER XXXX XXXX XXXX XXXX XXXX XXXXXX/XX/year> I have already disputed these items directly with [ Credit Bureau ], providing both my written dispute and a copy of my official FTC Identity Theft Report. Despite my compliance with the legal process, the bureau has failed to block and remove these inquiries as required under FCRA Section 605B ( 15 U.S.C. 1681c-2 ).

This non-compliance has caused measurable harm to my financial life : My credit score remains artificially low due to inquiries I never authorized.

I am being denied credit opportunities.

When I do receive approvals, I face higher interest rates and less favorable terms.

These violations have placed me at risk of further identity theft and financial damage.",Closed with explanation,i am filing this complaint because my credit file continues to display unauthorized hard inquiries that were made without my knowledge or consent  under the fair credit reporting act   fcra    section 1681b   a     3     a    a permissible purpose is required for any hard inquiry  none of these inquiries were authorized by me  nor were they connected to any legitimate extension of credit  their continued presence on my report is therefore a direct violation of federal law  the following inquiries are unauthorized and must be permanently deleted   negative mark   account number xxxx xxxx xxxx xxxx xxxx xxxxxx xx year  i have already disputed these items directly with   credit bureau    providing both my written dispute and a copy of my official ftc identity theft report  despite my compliance with the legal process  the bureau has failed to block and remove these inquiries as required under fcra section 605b   15 u s c  1681c 2    this non compliance has caused measurable harm to my financial life   my credit score remains artificially low due to inquiries i never authorized  i am being denied credit opportunities  when i do receive approvals  i face higher interest rates and less favorable terms  these violations have placed me at risk of further identity theft and financial damage,1302,209,37
20-06-2024,"Payday loan, title loan, personal loan, or advance loan",Charged fees or interest you didn't expect,"I noticed my balance was higher than what the amortization schedule showed. When I went into my account, I also noticed that the payment schedule is not following the amortization schedule from my contract. When I called in, I was told "" it's because interest accrues ''. I tried explaining that I understand that, but the funds are not being allocated according to the contract I signed. I also tried to adjust my due date, and they said I needed to call 2 days in advance. I tried to, and they were closed for the holiday on the XXXX, and didn't send a notice that they would be closed.",Closed with explanation,i noticed my balance was higher than what the amortization schedule showed  when i went into my account  i also noticed that the payment schedule is not following the amortization schedule from my contract  when i called in  i was told   it s because interest accrues     i tried explaining that i understand that  but the funds are not being allocated according to the contract i signed  i also tried to adjust my due date  and they said i needed to call 2 days in advance  i tried to  and they were closed for the holiday on the xxxx  and didn t send a notice that they would be closed,587,109,38
07-04-2021,"Money transfer, virtual currency, or money service",Fraud or scam,Basically back on XX/XX/XXXX and XXXX someone hacked my account and sent them self self payments over {$2500.00} the bank pretty much accuse me of giving someone my account information Im not sure if Im gon na get my funds back. Now they are cancel my account and not allowing get a new account with,Closed with explanation,basically back on xx xx xxxx and xxxx someone hacked my account and sent them self self payments over   2500 00  the bank pretty much accuse me of giving someone my account information im not sure if im gon na get my funds back  now they are cancel my account and not allowing get a new account with,299,58,39
16-08-2019,Debt collection,Attempts to collect debt not owed,Midland credit collections continues to call my number and call me XXXX. I have repeatedly told them1). I am not XXXX2. They have the wrong number 3). Stop calling They have not stopped.  They are calling the wrong number,Closed with explanation,midland credit collections continues to call my number and call me xxxx  i have repeatedly told them1   i am not xxxx2  they have the wrong number 3   stop calling they have not stopped  they are calling the wrong number,220,39,40
23-04-2024,Credit reporting or other personal consumer reports,Incorrect information on your report,"I am writing to address some inconsistencies that I have identified in my personal credit report. These inaccuracies are having a significant impact on my financial standing, particularly in relation to my ability to own a home. While I understand that errors can occur, I have researched the dispute process and am aware of the required investigation time-frame of thirty days. The other bureaus have already removed these accounts from their records, following the submission of my FTC report citing the identification of an error. I am puzzled as to how these accounts were verified by your bureau while other bureaus have successfully removed them. Therefore, I request the immediate deletion of these accounts from my file as they are inaccurate, erroneous, incomplete, or unverifiable. 

XXXX XXXX XXXX",Closed with explanation,i am writing to address some inconsistencies that i have identified in my personal credit report  these inaccuracies are having a significant impact on my financial standing  particularly in relation to my ability to own a home  while i understand that errors can occur  i have researched the dispute process and am aware of the required investigation time frame of thirty days  the other bureaus have already removed these accounts from their records  following the submission of my ftc report citing the identification of an error  i am puzzled as to how these accounts were verified by your bureau while other bureaus have successfully removed them  therefore  i request the immediate deletion of these accounts from my file as they are inaccurate  erroneous  incomplete  or unverifiable  xxxx xxxx xxxx,806,129,41
22-06-2022,"Credit reporting, credit repair services, or other personal consumer reports",Incorrect information on your report,"In accordance with the Fair Credit Reporting Act, the item listed below has violated my rights. 

INQUIRIES : XXXX XXXX XXXX XXXX XXXX XX/XX/XXXX XXXX XXXX XXXX XXXX XXXX XXXX XXXX XXXX XXXX XXXX XXXX XXXX XXXX XXXX XXXX XXXX XXXX XXXX XXXX XXXX XXXX XXXX XXXX XXXX XXXX XXXX XXXXXX/XX/XXXX NEGATIVE ACCOUNTS : XXXX XXXX XXXX XXXX XXXX XXXX XXXX XXXX XXXX XXXX 15 U.S.C 1681 section 602 A. States I have the right to privacy.

15 U.S.C 1681 Section 604 A Section 2 : It also states a consumer reporting agency can not furnish an account without my written instructions.",Closed with explanation,in accordance with the fair credit reporting act  the item listed below has violated my rights  inquiries   xxxx xxxx xxxx xxxx xxxx xx xx xxxx xxxx xxxx xxxx xxxx xxxx xxxx xxxx xxxx xxxx xxxx xxxx xxxx xxxx xxxx xxxx xxxx xxxx xxxx xxxx xxxx xxxx xxxx xxxx xxxx xxxx xxxx xxxxxx xx xxxx negative accounts   xxxx xxxx xxxx xxxx xxxx xxxx xxxx xxxx xxxx xxxx 15 u s c 1681 section 602 a  states i have the right to privacy  15 u s c 1681 section 604 a section 2   it also states a consumer reporting agency can not furnish an account without my written instructions,565,107,42
19-01-2016,Student loan,Can't repay my loan,"XXXX XXXX XXXX in XXXX XXXX, CA made false claims that they would provide job prospects and placement upon graduation and sold high cost loans to pay for that false hope then harassed me for overdue debts while I was in school. The school never intended to extend classes to allow me to finish my educational program. I made several attempts to continue classes but the school never complied. This was negligent on the school. I did not get the opportunity to finish school, so I was never allowed to get job placement. I filed for discharge on the loan based on False Certification Ability to benefit and I am in legal pursuit for debt forgiveness by defraud.",Closed with explanation,xxxx xxxx xxxx in xxxx xxxx  ca made false claims that they would provide job prospects and placement upon graduation and sold high cost loans to pay for that false hope then harassed me for overdue debts while i was in school  the school never intended to extend classes to allow me to finish my educational program  i made several attempts to continue classes but the school never complied  this was negligent on the school  i did not get the opportunity to finish school  so i was never allowed to get job placement  i filed for discharge on the loan based on false certification ability to benefit and i am in legal pursuit for debt forgiveness by defraud,659,118,43
09-11-2023,Credit reporting or other personal consumer reports,Problem with a company's investigation into an existing problem,"When I investigated my credit report, I realized that some of the information was erroneous. Experian is required to authenticate this account under Sections 609 ( a ) ( 1 ) ( A ) and 611 ( a ) ( 1 ). ( A ). It is not acceptable to treat this reporting account as unconfirmed information without producing proof within the legal time range. Sections 609 ( a ) ( 1 ) ( A ) and 611 ( a ) ( 1 ). ( A ), please investigate the unverifiable account below : XXXX XXXX XXXX XXXX XXXX Balance : {$24000.00}",Closed with explanation,when i investigated my credit report  i realized that some of the information was erroneous  experian is required to authenticate this account under sections 609   a     1     a   and 611   a     1      a    it is not acceptable to treat this reporting account as unconfirmed information without producing proof within the legal time range  sections 609   a     1     a   and 611   a     1      a    please investigate the unverifiable account below   xxxx xxxx xxxx xxxx xxxx balance     24000 00,497,77,44
12-11-2025,Checking or savings account,Managing an account,"I opened my account on XX/XX/XXXX, and applied a {$400.00} bonus offer coupon when opening this account. I received a notification from the bank that reads, "" {$400.00} bonus offer : Your new account is eligible to receive a bonus upon meeting all offer requirements. '' I have a screenshot of this webpage. 

The bonus was supposed to be paid out by XX/XX/XXXX. As of XX/XX/XXXX, it has not been paid out. I called the bank and a woman I spoke to said it appears I was paid out a bonus in the past. I told her, yes, I received a prior bonus on XX/XX/XXXX, and per your terms, more than 12 months had passed so I am eligible for another new customer account bonus. 

She transferred me to a customer escalation person named XXXX. When XXXX took my call, he dropped it right away. I recorded this conversation and will attach it for your reference. 

Please post the {$400.00} bonus as I have met all the requirements as listed in your offer, including having {$3000.00} in direct deposits deposited within 90 days and my account is still open.",Closed with explanation,i opened my account on xx xx xxxx  and applied a   400 00  bonus offer coupon when opening this account  i received a notification from the bank that reads      400 00  bonus offer   your new account is eligible to receive a bonus upon meeting all offer requirements     i have a screenshot of this webpage  the bonus was supposed to be paid out by xx xx xxxx  as of xx xx xxxx  it has not been paid out  i called the bank and a woman i spoke to said it appears i was paid out a bonus in the past  i told her  yes  i received a prior bonus on xx xx xxxx  and per your terms  more than 12 months had passed so i am eligible for another new customer account bonus  she transferred me to a customer escalation person named xxxx  when xxxx took my call  he dropped it right away  i recorded this conversation and will attach it for your reference  please post the   400 00  bonus as i have met all the requirements as listed in your offer  including having   3000 00  in direct deposits deposited within 90 days and my account is still open,1036,198,45
09-10-2024,Prepaid card,Problem getting a card or closing an account,"10 years ago I had a Bluebird card which I used for a short while then stopped using it. In XXXX I became concerned with having an open and dormant card. I contacted Bluebird in XX/XX/XXXX, at which time they verbally communicated that the account was terminated. After this time I stopped receiving monthly statement notifications in my email. A short time later I shredded my card. 

XX/XX/XXXX To my surprise I started receiving monthly statements again. I called them around this time and asked them to close my account but XXXX was unhelpful and I didn't have time to resolve at that time. 

XX/XX/XXXX I called again to try to close my account. They asked for last 4 ssn, DOB, email, and also the following information which I do not have any longer : user id, card number, card number and card # pin. They did not ask me for nor were they interested in my physical address. They said that the information I provided did not match an account on file. 

I am concerned because I still have bank account information associated with the account and I don't want the account just active and dormant. It seems that the PII should be sufficient to close an account, and I shouldn't need to have the original username and physical card to do so.",Closed with explanation,10 years ago i had a bluebird card which i used for a short while then stopped using it  in xxxx i became concerned with having an open and dormant card  i contacted bluebird in xx xx xxxx  at which time they verbally communicated that the account was terminated  after this time i stopped receiving monthly statement notifications in my email  a short time later i shredded my card  xx xx xxxx to my surprise i started receiving monthly statements again  i called them around this time and asked them to close my account but xxxx was unhelpful and i didn t have time to resolve at that time  xx xx xxxx i called again to try to close my account  they asked for last 4 ssn  dob  email  and also the following information which i do not have any longer   user id  card number  card number and card   pin  they did not ask me for nor were they interested in my physical address  they said that the information i provided did not match an account on file  i am concerned because i still have bank account information associated with the account and i don t want the account just active and dormant  it seems that the pii should be sufficient to close an account  and i shouldn t need to have the original username and physical card to do so,1237,231,46
25-01-2023,"Credit reporting, credit repair services, or other personal consumer reports",Problem with a credit reporting company's investigation into an existing problem,"This is my numerous request that you amend this suspicious data. I believe you have violated Sections 609 ( a ) ( 1 ) ( A ) and 611 ( a ) ( 1 ) ( A ) by failing to verify these items, and I will take legal action against you as a result. This was previously mentioned in my previous COMPLAINT #, and I'm including it once more. Please don't ignore my request to repair these inaccurate items in my file. 
XXXX XXXX XXXX XXXX XXXX XXXX XXXX XXXX XXXX XXXX XXXX XXXX XXXX XXXX XXXX XXXX XXXX XXXX XXXX",Closed with explanation,this is my numerous request that you amend this suspicious data  i believe you have violated sections 609   a     1     a   and 611   a     1     a   by failing to verify these items  and i will take legal action against you as a result  this was previously mentioned in my previous complaint    and i m including it once more  please don t ignore my request to repair these inaccurate items in my file  xxxx xxxx xxxx xxxx xxxx xxxx xxxx xxxx xxxx xxxx xxxx xxxx xxxx xxxx xxxx xxxx xxxx xxxx xxxx,498,91,47
13-05-2016,Credit reporting,Incorrect information on credit report,"On XXXX XXXX, 2015, a hard credit pull was done on my credit report by XXXX. I contacted XXXX Credit Card Services and they declined that they were even XXXX. After doing further research, I confirmed that XXXX is XXXX. I have never applied for a XXXX Credit Card, Mortgage or Personal Loan.",Closed with explanation,on xxxx xxxx  2015  a hard credit pull was done on my credit report by xxxx  i contacted xxxx credit card services and they declined that they were even xxxx  after doing further research  i confirmed that xxxx is xxxx  i have never applied for a xxxx credit card  mortgage or personal loan,290,53,48
07-07-2025,Vehicle loan or lease,Problems at the end of the loan or lease,"On XX/XX/year> I had a total loss on my leased vehicle with Hyundai Finance. My insurance company paid Hyundai finance the total payoff amount that they requested to satisfy the loan in the amount of {$18000.00}. Hyundai Finance received and cashed the payoff check. They also stated to the insurance company that all financial obligation have been met. 
On XX/XX/year> I received a demand letter for insurance deficiency in the amount of {$1000.00} I sent a letter to Hyundai Finance disputing the charges stating that they received the total payoff. I also ask them to provide me of how they arrived at this amount of {$1000.00}. 
They totally ignored my dispute letter have never provided me a breakdown on how they arrived at that amount of {$1000.00} They mentioned over the phone that they want me to pay the apprised value of the vehicle which is more then the loan payoff value. I ask them in a letter to provide me with an explanation of why should I pay more then the loan payoff but never got a reply instead kept sending me a bill and I sent my dispute back to them waiting for a written response. 

Now sent it to a collection agency, and I have disputed with them also and they never reply to my disputing letters and kept sending me the same bill over and over. 

In this complaint I am asking Hyundai Finance to provide me with the correspondence between them and my insurance company showing the demand payoff amount of XXXX and why are they asking me to pay them more money, and how they arrived at the amount that I owe them {$1000.00}",Closed with explanation,on xx xx year  i had a total loss on my leased vehicle with hyundai finance  my insurance company paid hyundai finance the total payoff amount that they requested to satisfy the loan in the amount of   18000 00   hyundai finance received and cashed the payoff check  they also stated to the insurance company that all financial obligation have been met  on xx xx year  i received a demand letter for insurance deficiency in the amount of   1000 00  i sent a letter to hyundai finance disputing the charges stating that they received the total payoff  i also ask them to provide me of how they arrived at this amount of   1000 00   they totally ignored my dispute letter have never provided me a breakdown on how they arrived at that amount of   1000 00  they mentioned over the phone that they want me to pay the apprised value of the vehicle which is more then the loan payoff value  i ask them in a letter to provide me with an explanation of why should i pay more then the loan payoff but never got a reply instead kept sending me a bill and i sent my dispute back to them waiting for a written response  now sent it to a collection agency  and i have disputed with them also and they never reply to my disputing letters and kept sending me the same bill over and over  in this complaint i am asking hyundai finance to provide me with the correspondence between them and my insurance company showing the demand payoff amount of xxxx and why are they asking me to pay them more money  and how they arrived at the amount that i owe them   1000 00,1547,289,49
12-01-2023,"Credit reporting, credit repair services, or other personal consumer reports",Improper use of your report,Company pulled my credit report without my authorization,Closed with explanation,company pulled my credit report without my authorization,56,8,50
18-01-2025,"Money transfer, virtual currency, or money service",Other transaction problem,I am writing in to express my concern as it relates to the handling of Zelle 's disputes. Although I reported these disputes with Zelle as well as my bank both parties failed to do a thorough investigation. Zelle has failed to investigate my claims and has advised that there was no way to recover from my losses due to them not being able to track transactions.,Closed with explanation,i am writing in to express my concern as it relates to the handling of zelle  s disputes  although i reported these disputes with zelle as well as my bank both parties failed to do a thorough investigation  zelle has failed to investigate my claims and has advised that there was no way to recover from my losses due to them not being able to track transactions,361,67,51
14-12-2021,"Credit reporting, credit repair services, or other personal consumer reports",Improper use of your report,Validate it or prove it. The bankruptcy court doesn't disclose information with the Bureaus and these bankruptcies don't show in XXXX system. I included a letter from the bankruptcy court saying they don't disclose information with the Bureaus and I also included documentation from XXXX saying these Bankruptcies aren't reporting in their system.,Closed with explanation,validate it or prove it  the bankruptcy court doesn t disclose information with the bureaus and these bankruptcies don t show in xxxx system  i included a letter from the bankruptcy court saying they don t disclose information with the bureaus and i also included documentation from xxxx saying these bankruptcies aren t reporting in their system,346,57,52
07-06-2023,Credit card or prepaid card,Unexpected or other fees,There was XXXX XXXX transactions made on my account on XX/XX/2023 for XXXX and XXXX that I did not make or authorize. I contacted them to dispute the charges and they denied my dispute. I feel this company did not properly handle or investigate the dispute throughly and they have a history of just denying charges you did not make on your account.,Closed with explanation,there was xxxx xxxx transactions made on my account on xx xx 2023 for xxxx and xxxx that i did not make or authorize  i contacted them to dispute the charges and they denied my dispute  i feel this company did not properly handle or investigate the dispute throughly and they have a history of just denying charges you did not make on your account,347,65,53
08-09-2022,"Credit reporting, credit repair services, or other personal consumer reports",Problem with a credit reporting company's investigation into an existing problem,"I am appalled by the inability of the Credit Bureaus to correct my Credit Report despite the multiple dispute letters and CFPB complaint I have done! There are accounts that are reporting erroneous information on my Credit File and needs to be corrected since it caused a drastic damage to my Credit Score. I have read that under the Fair Credit reporting Act, the Credit Bureaus are required to verify the information being reported on my Credit Report per consumer 's request and needs to update and or delete for any damaging erroneous reporting. I noticed the following upon doing a further research with my Credit File : a ) There are accounts reporting as late even though I never missed a payment ; b ) there are closed accounts reporting as late even though the balance is {$0.00} ; c ) there are charge off accounts reporting balance and as far as I know charge off accounts MUST show XXXX  balance ; and d ) there are accounts that are already deleted from the other Credit Bureaus but are still indicated from the other Bureaus. Under the FCRA, I need the following accounts investigated and updated or deleted : XXXX XXXX XXXX Balance Owed : {$17000.00} XXXX XXXX XXXX Balance Owed : {$1400.00} XXXX XXXXXXXX Balance Owed : {$880.00} XXXX  XXXX XXXX Balance Owed : {$0.00} XXXX XXXX XXXX XXXX Balance Owed XXXX XXXX XXXX XXXX XXXX XXXXXXXX Balance Owed : {$0.00}",Closed with explanation,i am appalled by the inability of the credit bureaus to correct my credit report despite the multiple dispute letters and cfpb complaint i have done  there are accounts that are reporting erroneous information on my credit file and needs to be corrected since it caused a drastic damage to my credit score  i have read that under the fair credit reporting act  the credit bureaus are required to verify the information being reported on my credit report per consumer  s request and needs to update and or delete for any damaging erroneous reporting  i noticed the following upon doing a further research with my credit file   a   there are accounts reporting as late even though i never missed a payment   b   there are closed accounts reporting as late even though the balance is   0 00    c   there are charge off accounts reporting balance and as far as i know charge off accounts must show xxxx balance   and d   there are accounts that are already deleted from the other credit bureaus but are still indicated from the other bureaus  under the fcra  i need the following accounts investigated and updated or deleted   xxxx xxxx xxxx balance owed     17000 00  xxxx xxxx xxxx balance owed     1400 00  xxxx xxxxxxxx balance owed     880 00  xxxx xxxx xxxx balance owed     0 00  xxxx xxxx xxxx xxxx balance owed xxxx xxxx xxxx xxxx xxxx xxxxxxxx balance owed     0 00,1371,235,54
11-02-2025,Credit reporting or other personal consumer reports,Incorrect information on your report,This debt was paid with First Progress before it was delinquent. Please see attached screenshot of the payment confirmation from XX/XX/XXXX. It is reporting as unpaid but as you can see it was paid on XX/XX/XXXX.,Closed with explanation,this debt was paid with first progress before it was delinquent  please see attached screenshot of the payment confirmation from xx xx xxxx  it is reporting as unpaid but as you can see it was paid on xx xx xxxx,211,40,55
27-10-2025,Credit reporting or other personal consumer reports,Incorrect information on your report,"I reached out to this consumer reporting agency numerous times. Submitted documents including identity theft reports regarding my account status and inaccurate information on my consumer report, I haven't gotten any compliance. I will not stop communicating with them until i get the results i desire and that is too delete any adverse information off of my report that is harming my credit worthiness. Experian is violation of numerous consumer laws.",Closed with explanation,i reached out to this consumer reporting agency numerous times  submitted documents including identity theft reports regarding my account status and inaccurate information on my consumer report  i haven t gotten any compliance  i will not stop communicating with them until i get the results i desire and that is too delete any adverse information off of my report that is harming my credit worthiness  experian is violation of numerous consumer laws,450,72,56
28-06-2024,Credit reporting or other personal consumer reports,Incorrect information on your report,"I have lost count of the number of letters I have sent to your bureau regarding my status as a victim of identity theft, as my concerns have yet to be fully resolved. Once again, I am disputing the fraudulent information that is adversely affecting my credit file. Despite my submission of the required XXXX complaint, your bureau continues to report these fraudulent accounts on my credit report. I want to emphasize that I have already contacted the banks associated with these accounts, submitted the necessary documents, and had the accounts promptly deleted from their records. Moreover, other credit bureaus have already removed these accounts from their records following the submission of the XXXX complaint. Therefore, I am curious about the verification process your bureau employed to continue reporting these fraudulent accounts. 

XXXX XXXX XXXX XXXX XXXXXXXX, XXXX XXXX XXXX",Closed with non-monetary relief,i have lost count of the number of letters i have sent to your bureau regarding my status as a victim of identity theft  as my concerns have yet to be fully resolved  once again  i am disputing the fraudulent information that is adversely affecting my credit file  despite my submission of the required xxxx complaint  your bureau continues to report these fraudulent accounts on my credit report  i want to emphasize that i have already contacted the banks associated with these accounts  submitted the necessary documents  and had the accounts promptly deleted from their records  moreover  other credit bureaus have already removed these accounts from their records following the submission of the xxxx complaint  therefore  i am curious about the verification process your bureau employed to continue reporting these fraudulent accounts  xxxx xxxx xxxx xxxx xxxxxxxx  xxxx xxxx xxxx,886,140,57
09-05-2024,Vehicle loan or lease,Problems at the end of the loan or lease,"Good Morning, I am reaching out due to credit acceptance has continually decided to charge me after my vehicle was totaled out by insurance on XXXX XXXX and I still pay a monthly payment of XXXX to credit acceptance and I also have XXXX XXXX with XXXX XXXX. My insurance paid out XXXX by XXXX XXXX and my XXXX XXXX is supposed to cover the rest of the balance of the loan. My balance before insurance paid out was {$18000.00}, my insurance paid {$12000.00}. XXXX XXXX said I had a balance of {$570.00} for a car payment that was late which is not true I paid my car payment on time every month, no problems nor hesitation. My XXXX XXXX only paid {$4400.00}, which leaves a payout of {$16000.00} to credit acceptance and leaves a balance of {$1200.00}. Which I should not owe, I have asked for the XXXX policy in full which they will not provide, and they are adding on fees each month saying I owe interest and now they say I have a balance of {$9000.00} still left and owed on the vehicle. How is that possible when I have XXXX XXXX which was stated to me at the time of purchase at XXXX XXXX on XXXX that if I were involved in car accident whatever my insurance does not cover, my XXXX XXXX would and that is not true with credit acceptance. I have a payment now due of {$420.00} and payment {$560.00} due by XX/XX/2024, and they are threatening me to send me to collections and prevent me from financing another vehicle when I should not have a balance. Credit acceptance keeps adding fees and late charges when I continue to pay and say I am going to continue to pay interest if I don't pay the full {$9000.00} by a certain date. That is not fair nor right to do a faithful paying customer that way. Then threatening me to pay is not necessary I have asked for documents and all receipts they will not provide ; I have asked multiple times. They ignore my request and continue to charge me.",Closed with monetary relief,good morning  i am reaching out due to credit acceptance has continually decided to charge me after my vehicle was totaled out by insurance on xxxx xxxx and i still pay a monthly payment of xxxx to credit acceptance and i also have xxxx xxxx with xxxx xxxx  my insurance paid out xxxx by xxxx xxxx and my xxxx xxxx is supposed to cover the rest of the balance of the loan  my balance before insurance paid out was   18000 00   my insurance paid   12000 00   xxxx xxxx said i had a balance of   570 00  for a car payment that was late which is not true i paid my car payment on time every month  no problems nor hesitation  my xxxx xxxx only paid   4400 00   which leaves a payout of   16000 00  to credit acceptance and leaves a balance of   1200 00   which i should not owe  i have asked for the xxxx policy in full which they will not provide  and they are adding on fees each month saying i owe interest and now they say i have a balance of   9000 00  still left and owed on the vehicle  how is that possible when i have xxxx xxxx which was stated to me at the time of purchase at xxxx xxxx on xxxx that if i were involved in car accident whatever my insurance does not cover  my xxxx xxxx would and that is not true with credit acceptance  i have a payment now due of   420 00  and payment   560 00  due by xx xx 2024  and they are threatening me to send me to collections and prevent me from financing another vehicle when i should not have a balance  credit acceptance keeps adding fees and late charges when i continue to pay and say i am going to continue to pay interest if i don t pay the full   9000 00  by a certain date  that is not fair nor right to do a faithful paying customer that way  then threatening me to pay is not necessary i have asked for documents and all receipts they will not provide   i have asked multiple times  they ignore my request and continue to charge me,1893,369,58
20-08-2025,Credit reporting or other personal consumer reports,Incorrect information on your report,"On XXXX XXXX, 2025XX/XX/year>, XX/XX/year>2025 I sent a letter regarding inaccurate and unknown things on my credit report to this day over 60 days later, I have not received a response yet.

I feel like Im being taken advantage of and being ignored for my disputes.

Section 611 ( a ), it is plainly stated that a failure to investigate these items within 30 days gives a reason to immediately remove those items from my credit report. It has been 60 days so they should be deleted promptly. I demand these accounts be deleted immediately or I will file for litigation due to the stress you caused me. My information was also impacted by the Equifax data breach and they have got into the hands of the wrong person.",Closed with non-monetary relief,on xxxx xxxx  2025xx xx year   xx xx year 2025 i sent a letter regarding inaccurate and unknown things on my credit report to this day over 60 days later  i have not received a response yet  i feel like im being taken advantage of and being ignored for my disputes  section 611   a    it is plainly stated that a failure to investigate these items within 30 days gives a reason to immediately remove those items from my credit report  it has been 60 days so they should be deleted promptly  i demand these accounts be deleted immediately or i will file for litigation due to the stress you caused me  my information was also impacted by the equifax data breach and they have got into the hands of the wrong person,713,132,59
13-09-2024,Credit reporting or other personal consumer reports,Incorrect information on your report,"Although I didnt request a loan for this XXXX XXXX XXXX put one on my account XX/XX/. I immediately refunded the money and advised that I wanted to cancel it XX/XX/. They responded and confirmed that it was cancelled XX/XX/. I confirmed by checking my student  account. A few days later I received notification that it was on my credit report. I called Aidvantage and asked for them to remove from my report. They said due to processing it could take several months after I send a written letter by mail. I asked if they had a fax or electronic method. They said no. So it took a few days to put it on my report and "" due to processing '' it takes months to remove it. Its unacceptable and a deliberate burden. I reported it to the credit agency XX/XX/. They investigated and somehow received confirmation from Aidvantage that this is an active account. SO the credit agency wont remove it.",Closed with explanation,although i didnt request a loan for this xxxx xxxx xxxx put one on my account xx xx   i immediately refunded the money and advised that i wanted to cancel it xx xx   they responded and confirmed that it was cancelled xx xx   i confirmed by checking my student account  a few days later i received notification that it was on my credit report  i called aidvantage and asked for them to remove from my report  they said due to processing it could take several months after i send a written letter by mail  i asked if they had a fax or electronic method  they said no  so it took a few days to put it on my report and   due to processing    it takes months to remove it  its unacceptable and a deliberate burden  i reported it to the credit agency xx xx   they investigated and somehow received confirmation from aidvantage that this is an active account  so the credit agency wont remove it,888,165,60
29-06-2020,"Credit reporting, credit repair services, or other personal consumer reports",Incorrect information on your report,"I paid my Citi Bank Credit card in FULL. Citi has reported me owing {$750.00}, but the account is paid in full. Attachments are proof of that",Closed with explanation,i paid my citi bank credit card in full  citi has reported me owing   750 00   but the account is paid in full  attachments are proof of that,141,28,61
11-11-2022,"Money transfer, virtual currency, or money service",Other transaction problem,"Dear Sir/Madame, At XXXX of XXXX I send the payment in XXXX dollars from my account in XXXX bank XXXX XXXX ) to XXXX as a payment by contract ( byuing apartment in XXXX, XXXX ) XXXX 
Amount : {$70000.00} XXXX XXXX  XXXX Senders Reference : XXXX This payment was not received by the payment receiver. 
I tried to returned the payment in XXXX twice. 
XXXX bank provided me information that my money were frozen at the account of XXXX bank in Citi. 
At XXXX of XXXX Citi answered in swift that "" your response has cleared the sanctions issue and the payment has been cancelled per remitter request as of XX/XX/2022 '' But I have not get my money back yet. 
XXXX bank has not give me any instructions how I can return my money. 
Please, let me know how I can get back my money. 
Thanks in advance. 
Best regards. 
XXXX.",Closed with explanation,dear sir madame  at xxxx of xxxx i send the payment in xxxx dollars from my account in xxxx bank xxxx xxxx   to xxxx as a payment by contract   byuing apartment in xxxx  xxxx   xxxx amount     70000 00  xxxx xxxx xxxx senders reference   xxxx this payment was not received by the payment receiver  i tried to returned the payment in xxxx twice  xxxx bank provided me information that my money were frozen at the account of xxxx bank in citi  at xxxx of xxxx citi answered in swift that   your response has cleared the sanctions issue and the payment has been cancelled per remitter request as of xx xx 2022    but i have not get my money back yet  xxxx bank has not give me any instructions how i can return my money  please  let me know how i can get back my money  thanks in advance  best regards  xxxx,804,150,62
22-03-2022,"Credit reporting, credit repair services, or other personal consumer reports",Incorrect information on your report,"I am a victim of identity theft and fraud. I have notified alleged creditors that the items on my credit report does not belong to me, and they have not validated any debts from alleged creditors with competent evidence of a valid contract according to the FCRA section 609 and best evidence rule that requires primary evidence meaning original version and other consumer laws i.e. title 15 U.S. Codes section 1681 and 1692. I have not in any way received goods, credit, money, loans, services, or any transactions. The alleged creditors have not provided proof of claim and my Social Security number has been used unauthorized, and without consent and written or verbal permission. My Social Security number information was breached and alleged creditors have used my Social Security number and are in violation of the privacy act of XXXX etc. unless they can prove a written contract exist. 

XXXX has received my FTC Identity theft report, FTC Complaint and Affidavit, and proof of identification via USPS certified mail # XXXX XXXX XXXX XXXX XXXX on XX/XX/XXXX signed for by XXXX agent XXXX XXXX, there is no proof to the contrary. XXXX  is in direct violation of the FCRA section 605B 15 USC 1681c-2 Block of information resulting from identity theft as pursuant they must remove all fraudulent and inaccurate information from my consumer report no later than four ( 4 ) business days after the date of receipt",Closed with explanation,i am a victim of identity theft and fraud  i have notified alleged creditors that the items on my credit report does not belong to me  and they have not validated any debts from alleged creditors with competent evidence of a valid contract according to the fcra section 609 and best evidence rule that requires primary evidence meaning original version and other consumer laws i e  title 15 u s  codes section 1681 and 1692  i have not in any way received goods  credit  money  loans  services  or any transactions  the alleged creditors have not provided proof of claim and my social security number has been used unauthorized  and without consent and written or verbal permission  my social security number information was breached and alleged creditors have used my social security number and are in violation of the privacy act of xxxx etc  unless they can prove a written contract exist  xxxx has received my ftc identity theft report  ftc complaint and affidavit  and proof of identification via usps certified mail   xxxx xxxx xxxx xxxx xxxx on xx xx xxxx signed for by xxxx agent xxxx xxxx  there is no proof to the contrary  xxxx is in direct violation of the fcra section 605b 15 usc 1681c 2 block of information resulting from identity theft as pursuant they must remove all fraudulent and inaccurate information from my consumer report no later than four   4   business days after the date of receipt,1412,241,63
25-03-2024,Mortgage,Trouble during payment process,"On XX/XX/XXXX I requested the removal of Private Mortgage Insurance from my loan, from which lender PennyMac requested an Appraisal. 
The appraisal showed the LTV was less than required 80 %, and they proceed and removed the PMI payment from my monthly payment After Escrow account revision done in XX/XX/XXXX, I did not agree with the terms and requested de deletion of Escrow Account. 
Lender requested the payment of the shortage for the time of the request, which I made the same day, for an amount of {$5500.00}. 
After payment was reflected in my account I called again and requested the Escrow deletion, which they processed. 2 Weeks later I received a Denial letter saying that an loan to value ( LTV ) ratio was not met, which is not true as they do have the latest Property appraisal which shows less than 80 % of LTV ; and they used it to remove the PMI payment. 
I need all Escrows payments removed as I comply with all requirements for it.",Closed with explanation,on xx xx xxxx i requested the removal of private mortgage insurance from my loan  from which lender pennymac requested an appraisal  the appraisal showed the ltv was less than required 80    and they proceed and removed the pmi payment from my monthly payment after escrow account revision done in xx xx xxxx  i did not agree with the terms and requested de deletion of escrow account  lender requested the payment of the shortage for the time of the request  which i made the same day  for an amount of   5500 00   after payment was reflected in my account i called again and requested the escrow deletion  which they processed  2 weeks later i received a denial letter saying that an loan to value   ltv   ratio was not met  which is not true as they do have the latest property appraisal which shows less than 80   of ltv   and they used it to remove the pmi payment  i need all escrows payments removed as i comply with all requirements for it,947,171,64
30-06-2023,"Credit reporting, credit repair services, or other personal consumer reports",Incorrect information on your report,"XXXX, Equifax and XXXX is furnishing inaccurate and incorrect information to the consumer reporting agencies. 
The reporting of such inaccurate information has caused severe damage to my character, my reputation, my general mode of living and my ability to obtain credit for personal and house purposes. 
You and your inaccurate reporting have damaged my livelihood. 



As Defined by The IRS Even if you didn't receive a Form 1099-C, you must report canceled debt as gross income on your tax return.

The IRS Clearly defines a charge off as Gross or Ordinary income, INCOME DOES NOT GET REPORTED ON THE CONSUMER REPORT which in fact makes your reporting of this account inaccurate!

By Definition The IRS Clearly says a Cancelled debt or Charge off is Income. The reporting of this account as a debt is in accurate.

15 USC 1681 s-2 Says XXXX, Equifax and XXXX is XXXX furnisher of information to a consumer reporting agency. 
XXXX, Equifax and XXXX IS PROHIBITED BY LAW to furnish inaccurate information. I demand XXXX, Equifax and XXXX to Cease and Desist the reporting of incorrect/ in accurate information immediately. 

15 U.S. Code 1681s2 - Responsibilities of furnishers of information to consumer reporting agencies ( a ) Duty of furnishers of information to provide accurate information 1. Prohibition ( A ) Reporting information with actual knowledge of errors A person shall not furnish any information relating to a consumer to any consumer reporting agency if the person knows or has reasonable cause to believe that the information is inaccurate.

Duty : a moral or legal obligation ; a responsibility Accurate : correct in all details ; exact. 
Prohibition : a law or regulation forbidding something XXXX XXXX XXXX",Closed with non-monetary relief,xxxx  equifax and xxxx is furnishing inaccurate and incorrect information to the consumer reporting agencies  the reporting of such inaccurate information has caused severe damage to my character  my reputation  my general mode of living and my ability to obtain credit for personal and house purposes  you and your inaccurate reporting have damaged my livelihood  as defined by the irs even if you didn t receive a form 1099 c  you must report canceled debt as gross income on your tax return  the irs clearly defines a charge off as gross or ordinary income  income does not get reported on the consumer report which in fact makes your reporting of this account inaccurate  by definition the irs clearly says a cancelled debt or charge off is income  the reporting of this account as a debt is in accurate  15 usc 1681 s 2 says xxxx  equifax and xxxx is xxxx furnisher of information to a consumer reporting agency  xxxx  equifax and xxxx is prohibited by law to furnish inaccurate information  i demand xxxx  equifax and xxxx to cease and desist the reporting of incorrect  in accurate information immediately  15 u s  code 1681s2   responsibilities of furnishers of information to consumer reporting agencies   a   duty of furnishers of information to provide accurate information 1  prohibition   a   reporting information with actual knowledge of errors a person shall not furnish any information relating to a consumer to any consumer reporting agency if the person knows or has reasonable cause to believe that the information is inaccurate  duty   a moral or legal obligation   a responsibility accurate   correct in all details   exact  prohibition   a law or regulation forbidding something xxxx xxxx xxxx,1716,277,65
23-08-2020,Debt collection,Written notification about debt,"I did not receive a notice to this debt. this a copy of the bill and I was in a uber car accident in which cause this bill. 
I have attached a copy from TSI Here is my claim number # XXXX in which the bill can be paid once TSI sends me a letter that they will remove the collections from all 3 credit Bureaus.",Closed with explanation,i did not receive a notice to this debt  this a copy of the bill and i was in a uber car accident in which cause this bill  i have attached a copy from tsi here is my claim number   xxxx in which the bill can be paid once tsi sends me a letter that they will remove the collections from all 3 credit bureaus,307,65,66
22-10-2024,Credit reporting or other personal consumer reports,Improper use of your report,"The List of accounts below has violated my federally protected consumer rights to privacy and confidentiality under 15 USC 1681 : XXXX XXXX XXXX XXXX XXXX XXXX XXXX XXXX XXXX XXXX XXXX XXXX XXXX XXXX XXXX XXXX XXXX XXXX XXXX XXXX XXXX XXXX XXXX XXXX XXXX XXXX XXXX I looked at my Equifax credit report on XX/XX/year> and noticed some things are incomplete and not accurate. And according to the fair credit reporting act Whenever a consumer reporting agency prepares a consumer report it shall follow reasonable procedures to assure maximum possible accuracy of the information concerning the individual about whom the report relates according to 15 USC 1681 ( e ) ( b ).

And according to 15 USC 1681 5 they are suppose to do this ( 5 ) Treatment of inaccurate or unverifiable information ( A ) In generally, after any reinvestigation under paragraph ( 1 ) of any information disputed by a consumer, an item of the information is found to be inaccurate or incomplete or can not be verified, the consumer reporting agency shall ( i ) promptly delete that item of information from the file of the consumer, or modify that item of information, as appropriate, based on the results of the reinvestigation; and ( ii ) promptly notify the furnisher of that information that the information has been modified or deleted from the file of the consumer.

And according to 15 USC 1681s-2 they are suppose to not furnish any information relating to a consumer to any consumer reporting agency if the person knows or has reasonable cause to believe that the information is inaccurate.",Closed with explanation,the list of accounts below has violated my federally protected consumer rights to privacy and confidentiality under 15 usc 1681   xxxx xxxx xxxx xxxx xxxx xxxx xxxx xxxx xxxx xxxx xxxx xxxx xxxx xxxx xxxx xxxx xxxx xxxx xxxx xxxx xxxx xxxx xxxx xxxx xxxx xxxx xxxx i looked at my equifax credit report on xx xx year  and noticed some things are incomplete and not accurate  and according to the fair credit reporting act whenever a consumer reporting agency prepares a consumer report it shall follow reasonable procedures to assure maximum possible accuracy of the information concerning the individual about whom the report relates according to 15 usc 1681   e     b    and according to 15 usc 1681 5 they are suppose to do this   5   treatment of inaccurate or unverifiable information   a   in generally  after any reinvestigation under paragraph   1   of any information disputed by a consumer  an item of the information is found to be inaccurate or incomplete or can not be verified  the consumer reporting agency shall   i   promptly delete that item of information from the file of the consumer  or modify that item of information  as appropriate  based on the results of the reinvestigation  and   ii   promptly notify the furnisher of that information that the information has been modified or deleted from the file of the consumer  and according to 15 usc 1681s 2 they are suppose to not furnish any information relating to a consumer to any consumer reporting agency if the person knows or has reasonable cause to believe that the information is inaccurate,1569,260,67
07-03-2024,Credit reporting or other personal consumer reports,Problem with a company's investigation into an existing problem,"The following accounts continue to report on my credit report without my permission, in violation of federal law, despite numerous written requests. As required by Sections 609 ( a ) ( 1 ) ( A ) and 611 ( a ) ( 1 ), these accounts must be verified ( A ). If you do not verify these accounts, I will bring legal action against you. To help this situation be settled as quickly as possible, kindly uphold the law. 
XXXX XXXX XXXX XXXX XXXX XXXX XXXX XXXX XXXX XXXX XXXX XXXX XXXX XXXX XXXX XXXX XXXX XXXX XXXX XXXX XXXX XXXX XXXX XXXX XXXX XXXX XXXX XXXX XXXX XXXX XXXX XXXX XXXX XXXX XXXX XXXX",Closed with non-monetary relief,the following accounts continue to report on my credit report without my permission  in violation of federal law  despite numerous written requests  as required by sections 609   a     1     a   and 611   a     1    these accounts must be verified   a    if you do not verify these accounts  i will bring legal action against you  to help this situation be settled as quickly as possible  kindly uphold the law  xxxx xxxx xxxx xxxx xxxx xxxx xxxx xxxx xxxx xxxx xxxx xxxx xxxx xxxx xxxx xxxx xxxx xxxx xxxx xxxx xxxx xxxx xxxx xxxx xxxx xxxx xxxx xxxx xxxx xxxx xxxx xxxx xxxx xxxx xxxx xxxx,591,104,68
23-01-2025,"Money transfer, virtual currency, or money service",Other transaction problem,"I am filing a complaint against Cash App ( Block , Inc. ) due to inadequate customer service and unfair practices, which violate the Consumer Financial Protection Act ( CFPA ). Specifically, Cash App failed to take timely and effective measures to prevent and address fraud on their platform, leaving my account vulnerable and unprotected.

Furthermore, their dispute resolution process was unfair and deceptive, as they did not comply with error resolution requirements under the Electronic Fund Transfer Act ( EFTA ) and Regulation E. These actions have caused significant inconvenience and financial loss, and I seek appropriate redress for these violations! 
Ive contacted cash app support numerous times about scam transactions and could never get in touch with an live agent and or anyone from customer services and lost hundreds of dollars due to no one answering the phones lines and or investigating my claims!",Closed with explanation,i am filing a complaint against cash app   block   inc    due to inadequate customer service and unfair practices  which violate the consumer financial protection act   cfpa    specifically  cash app failed to take timely and effective measures to prevent and address fraud on their platform  leaving my account vulnerable and unprotected  furthermore  their dispute resolution process was unfair and deceptive  as they did not comply with error resolution requirements under the electronic fund transfer act   efta   and regulation e  these actions have caused significant inconvenience and financial loss  and i seek appropriate redress for these violations  ive contacted cash app support numerous times about scam transactions and could never get in touch with an live agent and or anyone from customer services and lost hundreds of dollars due to no one answering the phones lines and or investigating my claims,916,139,69
05-12-2023,Credit reporting or other personal consumer reports,Improper use of your report,"Checked my credit report on XX/XX/XXXX. I noticed XXXX inquires on my credit report that I did not authorize. I've called, XXXX XXXX at XXXX pulled XX/XX/XXXXXXXX XXXX XXXX XXXX  at XXXX pulled XX/XX/XXXX, XXXX XXXX XXXX at XXXX, XXXX XXXX  XXXX at XXXX pulled on XX/XX/XXXX, XXXX XXXX XXXX pulled on XX/XX/XXXX, Search XXXX XXXX XXXX XXXX pulled on XX/XX/XXXX, XXXX XXXX XXXX  at XXXX pulled on XX/XX/XXXX with no resolve. I'm requesting to have these be deleted from my credit profile. All other inquires are mine. 

I've contacted XXXX XXXX XXXX  several times XX/XX/XXXX, XX/XX/XXXX, XX/XX/XXXX at XXXX to remove late payments on my credit report. I was no late on any payments. All payments paid on time. Now XXXX XXXX XXXX  only accepts payments via XXXX XXXX of which I paid my account on time.",Closed with explanation,checked my credit report on xx xx xxxx  i noticed xxxx inquires on my credit report that i did not authorize  i ve called  xxxx xxxx at xxxx pulled xx xx xxxxxxxx xxxx xxxx xxxx at xxxx pulled xx xx xxxx  xxxx xxxx xxxx at xxxx  xxxx xxxx xxxx at xxxx pulled on xx xx xxxx  xxxx xxxx xxxx pulled on xx xx xxxx  search xxxx xxxx xxxx xxxx pulled on xx xx xxxx  xxxx xxxx xxxx at xxxx pulled on xx xx xxxx with no resolve  i m requesting to have these be deleted from my credit profile  all other inquires are mine  i ve contacted xxxx xxxx xxxx several times xx xx xxxx  xx xx xxxx  xx xx xxxx at xxxx to remove late payments on my credit report  i was no late on any payments  all payments paid on time  now xxxx xxxx xxxx only accepts payments via xxxx xxxx of which i paid my account on time,793,161,70
27-07-2018,"Payday loan, title loan, or personal loan",Problem with the payoff process at the end of the loan,"I took loan out months ago made installment agreements. 
In last 2 days I have received 5 emails from a supposed attorney threatening and harassing me to pay up. According to her the only way to pay was via a XXXX XXXX card? Can you say red flag!!! When I didnt respond to her threats she got worse by threatening I was going to be arrested for fraud my ssn was going to be held the irs told and my employer.",Closed with explanation,i took loan out months ago made installment agreements  in last 2 days i have received 5 emails from a supposed attorney threatening and harassing me to pay up  according to her the only way to pay was via a xxxx xxxx card  can you say red flag    when i didnt respond to her threats she got worse by threatening i was going to be arrested for fraud my ssn was going to be held the irs told and my employer,406,81,71
20-04-2018,"Credit reporting, credit repair services, or other personal consumer reports",Incorrect information on your report,"i have asked for the company to update the credit reporting, the account should be removed, its past 7 years.",Closed with non-monetary relief,i have asked for the company to update the credit reporting  the account should be removed  its past 7 years,108,20,72
06-07-2022,"Credit reporting, credit repair services, or other personal consumer reports",Incorrect information on your report,"I am a victim of identity theft The information listed does not relate to any transaction that I have made Please block this information from my report, pursuant to section 605B of the Fair Credit Reporting Act",Closed with non-monetary relief,i am a victim of identity theft the information listed does not relate to any transaction that i have made please block this information from my report  pursuant to section 605b of the fair credit reporting act,210,37,73
20-02-2025,Credit reporting or other personal consumer reports,Incorrect information on your report,"I am writing to contest inaccurate information on my credit report in accordance with 15 U.S.C. 1681c-2 and to formally request the blocking of this erroneous data. Enclosed is a copy of my Report/FTC identity theft report ( FTC REPORT XXXX ) as evidence supporting my identity theft claim. As per 15 U.S.C. 1681c-2, upon submission of an identity theft report by a consumer, credit reporting agencies are obligated to block any information flagged by the consumer as stemming from identity theft within FOUR business days. The following information on my credit report is the result of identity theft and should be blocked : I am writing to notify you that I have fallen prey to identity theft. I have reached out to the Federal Trade Commission and lodged a complaint, which is enclosed for your reference. My credit report contains fraudulent INQUIRIES that are not associated with me. All necessary documentation is included in this packet, and copies have been sent to your agency both via fax and through Certified mail. In addition, I request the immediate removal of the following fraudulent INQUIRIES from my credit report. INQUIRIES :XX/XX/XXXX",Closed with non-monetary relief,i am writing to contest inaccurate information on my credit report in accordance with 15 u s c  1681c 2 and to formally request the blocking of this erroneous data  enclosed is a copy of my report ftc identity theft report   ftc report xxxx   as evidence supporting my identity theft claim  as per 15 u s c  1681c 2  upon submission of an identity theft report by a consumer  credit reporting agencies are obligated to block any information flagged by the consumer as stemming from identity theft within four business days  the following information on my credit report is the result of identity theft and should be blocked   i am writing to notify you that i have fallen prey to identity theft  i have reached out to the federal trade commission and lodged a complaint  which is enclosed for your reference  my credit report contains fraudulent inquiries that are not associated with me  all necessary documentation is included in this packet  and copies have been sent to your agency both via fax and through certified mail  in addition  i request the immediate removal of the following fraudulent inquiries from my credit report  inquiries  xx xx xxxx,1154,196,74
06-09-2022,"Credit reporting, credit repair services, or other personal consumer reports",Incorrect information on your report,"This is not a duplicate nor is this complaint filed by a third party. I am filing this complaint myself. Please see this complaint is processed to the letter of the law. I have disputed these items numerous times already which resulted from an alleged identity theft. Again, Im sending over an identity theft report # XXXX. Pursuant of FCRA section 605B ( a ) ( 1 ) ( 2 ) you are required to block or remove any information in my file that resulted from an alleged identity theft, not later than XXXX business days after the date of receipt with ( 1 ) appropriate proof of the identity of the consumer ; ( 2 ) a copy of an identity theft report. Please note that you have XXXX business days to block the reporting of any information in my credit file that resulted from an alleged identity theft. 


XXXX XXXX Balance : {$1400.00} Date Opened : XX/XX/XXXX, XXXX XXXX Date Opened : XX/XX/XXXX Balance : {$3300.00}",Closed with non-monetary relief,this is not a duplicate nor is this complaint filed by a third party  i am filing this complaint myself  please see this complaint is processed to the letter of the law  i have disputed these items numerous times already which resulted from an alleged identity theft  again  im sending over an identity theft report   xxxx  pursuant of fcra section 605b   a     1     2   you are required to block or remove any information in my file that resulted from an alleged identity theft  not later than xxxx business days after the date of receipt with   1   appropriate proof of the identity of the consumer     2   a copy of an identity theft report  please note that you have xxxx business days to block the reporting of any information in my credit file that resulted from an alleged identity theft  xxxx xxxx balance     1400 00  date opened   xx xx xxxx  xxxx xxxx date opened   xx xx xxxx balance     3300 00,908,158,75
23-01-2025,Credit reporting or other personal consumer reports,Incorrect information on your report,"I have sent Experian multiple request to investigate Inaccurate information being reported on my credit report, Experian Has FAILED to proof or even provide the accuracy of the accounts reported or disputed, that violate my rights under FCRA.",Closed with explanation,i have sent experian multiple request to investigate inaccurate information being reported on my credit report  experian has failed to proof or even provide the accuracy of the accounts reported or disputed  that violate my rights under fcra,241,38,76
26-07-2025,Credit reporting or other personal consumer reports,Incorrect information on your report,"I am filing this complaint against Citizens Pay XXXX Citizens Bank N.A. for inaccurately reporting a charged-off line of credit ( Account # XXXX ) with a balance of {$2600.00} and a credit limit of {$2700.00}. The account is being reported to the credit bureaus as a derogatory charge-off without providing proper verification, chain of title, or ownership rights. 

Despite multiple requests for validation and method of verification, Citizens Pay has failed to provide any accounting statements, legal assignment records, or documentation proving the debt is lawfully collectible or accurately reported under federal law. This is a direct violation of the Fair Credit Reporting Act ( FCRA ), specifically concerning obligations to furnish accurate, complete, and verifiable information. 

This inaccurate reporting is harming my ability to obtain credit, and no resolution options or equitable remedies have been offered. Additionally, I suspect this account has been charged off, potentially sold, written off, or securitizedyet it remains on my report with no lawful basis for continued derogatory reporting. 

Citizens Pay has not responded to my mailed dispute letter in good faith, nor have they supplied the documents I requested. Their inaction constitutes willful noncompliance and bad faith under federal consumer protection laws.",Closed with explanation,i am filing this complaint against citizens pay xxxx citizens bank n a  for inaccurately reporting a charged off line of credit   account   xxxx   with a balance of   2600 00  and a credit limit of   2700 00   the account is being reported to the credit bureaus as a derogatory charge off without providing proper verification  chain of title  or ownership rights  despite multiple requests for validation and method of verification  citizens pay has failed to provide any accounting statements  legal assignment records  or documentation proving the debt is lawfully collectible or accurately reported under federal law  this is a direct violation of the fair credit reporting act   fcra    specifically concerning obligations to furnish accurate  complete  and verifiable information  this inaccurate reporting is harming my ability to obtain credit  and no resolution options or equitable remedies have been offered  additionally  i suspect this account has been charged off  potentially sold  written off  or securitizedyet it remains on my report with no lawful basis for continued derogatory reporting  citizens pay has not responded to my mailed dispute letter in good faith  nor have they supplied the documents i requested  their inaction constitutes willful noncompliance and bad faith under federal consumer protection laws,1334,200,77
11-07-2025,Credit reporting or other personal consumer reports,Improper use of your report,"If a consumer notifies a debt collector in writing that the consumer refuses to pay a debt or that the consumer wishes the debt collector to cease further communication with the consumer, the debt collector shall not communicate further with the consumer with respect to such debt,",Closed with non-monetary relief,if a consumer notifies a debt collector in writing that the consumer refuses to pay a debt or that the consumer wishes the debt collector to cease further communication with the consumer  the debt collector shall not communicate further with the consumer with respect to such debt,280,47,78
06-06-2024,Credit reporting or other personal consumer reports,Incorrect information on your report,There are inaccurate accounts reporting on my credit report that are hindering me from applying for credit. I would like these accounts removed immediately.,Closed with explanation,there are inaccurate accounts reporting on my credit report that are hindering me from applying for credit  i would like these accounts removed immediately,155,24,79
24-03-2022,"Credit reporting, credit repair services, or other personal consumer reports",Problem with a credit reporting company's investigation into an existing problem,"Equifax has failed to remove account "" XXXX XXXX '' from my credit report, even though i had provided proof that i am a victim of identity theft,. Upon challenging this, XXXX and XXXX deleted the account based on the lack of ability to properly verify all reported information being accurate. I noticed as A result of challenging this account with your company you have verified this same account. It is my understanding that the creditor reports the same information to all credit bureaus as expected under FCRA",Closed with explanation,equifax has failed to remove account   xxxx xxxx    from my credit report  even though i had provided proof that i am a victim of identity theft   upon challenging this  xxxx and xxxx deleted the account based on the lack of ability to properly verify all reported information being accurate  i noticed as a result of challenging this account with your company you have verified this same account  it is my understanding that the creditor reports the same information to all credit bureaus as expected under fcra,512,86,80
29-12-2022,Debt collection,Took or threatened to take negative or legal action,"FINANCIAL DATA SYSTEMS is in violation of federal law for furnished fraudulent data. I have never enter into a contract with FINANCIAL DATA SYSTEMS, yet they are reporting an account on my consumer report. 

XXXX XXXX XXXX is also in violation of federal law including HIPAA for sharing my personal and medical information with a third party.",Closed with explanation,financial data systems is in violation of federal law for furnished fraudulent data  i have never enter into a contract with financial data systems  yet they are reporting an account on my consumer report  xxxx xxxx xxxx is also in violation of federal law including hipaa for sharing my personal and medical information with a third party,339,57,81
27-01-2025,Credit reporting or other personal consumer reports,Problem with a company's investigation into an existing problem,"Experian has failed to fulfill its legal obligation under the fair credit reporting act ( FCRA ) to conduct a reasonable reinvestigation of disputed information on my credit report, leaving inaccurate or unverifiable accounts unresolved. The consumer financial bureau ( CFPB ) has recently filed a lawsuit against Experian, alleging systemic issues such as failing to forward consumer-provided evidence to furnishers, accepting unreliable responses, and failing to adequately notify consumers of dispute outcomes, where Experian has neither corrected nor removed disputed items despite the evidence i provided, causing on going harm to my credit standing. I'am requesting immediate corrective action to remove or amend the disputed account, as Experian 's inaction violates federal law and my rights a s a consumer.",Closed with explanation,experian has failed to fulfill its legal obligation under the fair credit reporting act   fcra   to conduct a reasonable reinvestigation of disputed information on my credit report  leaving inaccurate or unverifiable accounts unresolved  the consumer financial bureau   cfpb   has recently filed a lawsuit against experian  alleging systemic issues such as failing to forward consumer provided evidence to furnishers  accepting unreliable responses  and failing to adequately notify consumers of dispute outcomes  where experian has neither corrected nor removed disputed items despite the evidence i provided  causing on going harm to my credit standing  i am requesting immediate corrective action to remove or amend the disputed account  as experian  s inaction violates federal law and my rights a s a consumer,814,119,82
03-03-2023,"Credit reporting, credit repair services, or other personal consumer reports",Problem with a credit reporting company's investigation into an existing problem,"XX/XX/XXXX XXXX XXXX XXXX XXXX XXXX XXXX XXXX, Washington XXXX SSN : SS # : XXXX XXXX : Date of Birth : XX/XX/XXXX Dear Sir/Madam, I am writing to dispute several items on my credit report that I believe are inaccurate and unfair. The following items are of concern : XXXX XX/XX/XXXX Inquiry XXXX XXXX XXXX  XX/XX/XXXX Inquiry XXXX XXXX  XX/XX/XXXX Inquiry XXXX XXXX XXXX XXXXXXXX XXXX Charge Off Account XXXX XXXX XXXX Charge Off Account XXXX  XXXX Collection Account I would like to request that you investigate these items and remove any inaccurate or incomplete information from my credit report. These items are negatively impacting my credit score and my ability to obtain credit. 

I believe that the XXXX XXXX XXXX XXXX account listed on my credit report is inaccurate. I have never had an account with this company and therefore, I would like it to be removed from my credit report. Additionally, the XXXX XXXX account and the XXXX XXXX account are inaccurate as I have already paid off these accounts. I have proof of payments and I would like to submit them to you for review. 

I would also like to request that you provide me with a copy of my credit report after any corrections have been made. I appreciate your attention to this matter and your prompt response in resolving these disputes. 
XXXX : Fair Credit Reporting Act ( FCRA ) 15 U.S.C. 1681 et seq. 

Sincerely, XXXX XXXX",Closed with explanation,xx xx xxxx xxxx xxxx xxxx xxxx xxxx xxxx xxxx  washington xxxx ssn   ss     xxxx xxxx   date of birth   xx xx xxxx dear sir madam  i am writing to dispute several items on my credit report that i believe are inaccurate and unfair  the following items are of concern   xxxx xx xx xxxx inquiry xxxx xxxx xxxx xx xx xxxx inquiry xxxx xxxx xx xx xxxx inquiry xxxx xxxx xxxx xxxxxxxx xxxx charge off account xxxx xxxx xxxx charge off account xxxx xxxx collection account i would like to request that you investigate these items and remove any inaccurate or incomplete information from my credit report  these items are negatively impacting my credit score and my ability to obtain credit  i believe that the xxxx xxxx xxxx xxxx account listed on my credit report is inaccurate  i have never had an account with this company and therefore  i would like it to be removed from my credit report  additionally  the xxxx xxxx account and the xxxx xxxx account are inaccurate as i have already paid off these accounts  i have proof of payments and i would like to submit them to you for review  i would also like to request that you provide me with a copy of my credit report after any corrections have been made  i appreciate your attention to this matter and your prompt response in resolving these disputes  xxxx   fair credit reporting act   fcra   15 u s c  1681 et seq  sincerely  xxxx xxxx,1384,248,83
12-03-2025,Credit reporting or other personal consumer reports,Improper use of your report,"I am writing to contest inaccurate information on my credit report in accordance with 15 U.S.C. 1681c-2 and to formally request the blocking of this erroneous data. Enclosed is a copy of my Police Report/FTC identity theft report ( FTC REPORT XXXX : XXXX ) as evidence supporting my identity theft claim. As per 15 U.S.C. 1681c-2, upon submission of an identity theft report by a consumer, credit reporting agencies are obligated to block any information flagged by the consumer as stemming from identity theft within FOUR business days. The following information on my credit report is the result of identity theft and should be blocked : I am writing to notify you that I have fallen prey to identity theft. I have reached out to the Federal Trade Commission and lodged a complaint, which is enclosed for your reference. My credit report contains fraudulent ACCOUNTS that are not associated with me. 
All necessary documentation is included in this packet, and copies have been sent to your agency both via fax and through Certified mail. 
In addition, I request the immediate removal of the following fraudulent ACCOUNTS from my credit report. 
XXXX XXXX XXXX XXXX XXXX XXXX XXXX XXXX XXXX XXXX XXXX XXXX XXXX XXXX XXXX XXXX XXXX XXXX XXXX XXXX XXXX XXXX XXXX XXXX XXXX XXXX XXXX XXXX XXXX XXXX XXXX XXXX XXXX XXXX XXXX XXXX XXXX",Closed with explanation,i am writing to contest inaccurate information on my credit report in accordance with 15 u s c  1681c 2 and to formally request the blocking of this erroneous data  enclosed is a copy of my police report ftc identity theft report   ftc report xxxx   xxxx   as evidence supporting my identity theft claim  as per 15 u s c  1681c 2  upon submission of an identity theft report by a consumer  credit reporting agencies are obligated to block any information flagged by the consumer as stemming from identity theft within four business days  the following information on my credit report is the result of identity theft and should be blocked   i am writing to notify you that i have fallen prey to identity theft  i have reached out to the federal trade commission and lodged a complaint  which is enclosed for your reference  my credit report contains fraudulent accounts that are not associated with me  all necessary documentation is included in this packet  and copies have been sent to your agency both via fax and through certified mail  in addition  i request the immediate removal of the following fraudulent accounts from my credit report  xxxx xxxx xxxx xxxx xxxx xxxx xxxx xxxx xxxx xxxx xxxx xxxx xxxx xxxx xxxx xxxx xxxx xxxx xxxx xxxx xxxx xxxx xxxx xxxx xxxx xxxx xxxx xxxx xxxx xxxx xxxx xxxx xxxx xxxx xxxx xxxx xxxx,1329,231,84
21-11-2025,Vehicle loan or lease,Problems at the end of the loan or lease,"What happened : My vehicle was declared a total loss, and my insurance company paid almost the entire loan directly to Global Lending Services. The remaining balance is under {$700.00}. I called GLS to request a goodwill write-off due to financial hardship, and the representative told me that management does not offer goodwill write-offs. When I asked for that in writing, they refused and only told me to email a hardship request. 

I sent my hardship request on XX/XX/year> to the email address GLS gave me. It has been almost two weeks with no acknowledgment, no response, and no confirmation they even reviewed my request. GLS is not communicating and is refusing to provide any written policy information about goodwill or hardship options.",Closed with explanation,what happened   my vehicle was declared a total loss  and my insurance company paid almost the entire loan directly to global lending services  the remaining balance is under   700 00   i called gls to request a goodwill write off due to financial hardship  and the representative told me that management does not offer goodwill write offs  when i asked for that in writing  they refused and only told me to email a hardship request  i sent my hardship request on xx xx year  to the email address gls gave me  it has been almost two weeks with no acknowledgment  no response  and no confirmation they even reviewed my request  gls is not communicating and is refusing to provide any written policy information about goodwill or hardship options,744,127,85
18-01-2025,Student loan,Dealing with your lender or servicer,"XXXX XXXX through XXXX, now transferred to Mohela... 
They have denied my XXXX XXXX XXXX with no reason as to why. 
I was impacted by the subprime loans distributed by XXXX XXXX XXXX for profit school XXXX XXXX XXXX XXXX XXXX Both companies have be held accountable for causing financial harm to students by closure or lawsuits ( XXXX vs XXXX ). XXXX has not been rehabilitated and continues the same deceptive practices. I've still been paying my loan faithfully but XXXX failed to process payments according to our auto agreement, which caused a chain reaction leading me to fall behind and owe more interest. It's been devastating to my finances, dropping my score XXXX points. My rate reduction ended but they were to still pull the updated payment from my account as promised. They did not pull the payment, marked it late and reported unwarranted negative activity on my credit file, even after payments were made. No matter how much I pay, I can not see any progress on the loans. My federal loans from the XXXX XXXX ( Same account ) are in the process of being forgiven and refunded because of the disruptive and deceptive practices of the institution. XXXX is still attempting to collect on the same deceptive accounts. They have defrauded myself and family for years and are currently putting me at risk of financial ruin. The current cost of my loan is exponentially greater than the original balance, they are egregiously benefiting from the interest on debt that should be discharged ; the company not processing payments as agreed is just the cherry on top.",Closed with explanation,xxxx xxxx through xxxx  now transferred to mohela    they have denied my xxxx xxxx xxxx with no reason as to why  i was impacted by the subprime loans distributed by xxxx xxxx xxxx for profit school xxxx xxxx xxxx xxxx xxxx both companies have be held accountable for causing financial harm to students by closure or lawsuits   xxxx vs xxxx    xxxx has not been rehabilitated and continues the same deceptive practices  i ve still been paying my loan faithfully but xxxx failed to process payments according to our auto agreement  which caused a chain reaction leading me to fall behind and owe more interest  it s been devastating to my finances  dropping my score xxxx points  my rate reduction ended but they were to still pull the updated payment from my account as promised  they did not pull the payment  marked it late and reported unwarranted negative activity on my credit file  even after payments were made  no matter how much i pay  i can not see any progress on the loans  my federal loans from the xxxx xxxx   same account   are in the process of being forgiven and refunded because of the disruptive and deceptive practices of the institution  xxxx is still attempting to collect on the same deceptive accounts  they have defrauded myself and family for years and are currently putting me at risk of financial ruin  the current cost of my loan is exponentially greater than the original balance  they are egregiously benefiting from the interest on debt that should be discharged   the company not processing payments as agreed is just the cherry on top,1568,268,86
03-11-2021,Debt collection,Attempts to collect debt not owed,"Not sure why I am having to continuously deal with the fraudulent account and debt form Southwest Credit in XXXX, XXXX XXXX in XXXX, XXXX XXXX in XXXX and Southwest Credit again in XXXX. I have previously provided information to all of the Debt collectors that this account is not mine. I have received correspondence from Company Southwest Credit and contacted them today and they swear that this is the first time that they have ever contacted me??? I informed the Southwest Credit representative that she was not being honest and and that I had previous correspondence in a file. I informed the representative that this account was not mine the result of Identify Theft ( probably from XXXX breach ), which I have been dealing with over the last 2 years, with several accounts opened fraudulently in my name- XXXX XXXX. She became vile and threatened to report this fraudulent debt to the credit bureaus and "" destroy my credit ''. Is this even legal?? I am mad right and I am fighting back! 

I say again and will continue to ask that this account be validated, via a signature page and provided to me at my home address. 
I am attaching the previous letter from XXXX XXXX, stating that they were not able to validate the debt and that they would remove this fraudulent account from all credit bureau 's. I want a similar removal letter from South and verification in writing that this fraudulent account will not be reported to the three major credit bureau 's by them and if they have already reported, I want a similar removal letter sent to me within 15 days. If Southwest Group can not validate via a signature page I want this fraudulent account removed and I never want to have to deal with them again. If necessary, I will seek legal council. This account is not mine and was opened in my name fraudulently.",Closed with explanation,not sure why i am having to continuously deal with the fraudulent account and debt form southwest credit in xxxx  xxxx xxxx in xxxx  xxxx xxxx in xxxx and southwest credit again in xxxx  i have previously provided information to all of the debt collectors that this account is not mine  i have received correspondence from company southwest credit and contacted them today and they swear that this is the first time that they have ever contacted me    i informed the southwest credit representative that she was not being honest and and that i had previous correspondence in a file  i informed the representative that this account was not mine the result of identify theft   probably from xxxx breach    which i have been dealing with over the last 2 years  with several accounts opened fraudulently in my name  xxxx xxxx  she became vile and threatened to report this fraudulent debt to the credit bureaus and   destroy my credit     is this even legal   i am mad right and i am fighting back  i say again and will continue to ask that this account be validated  via a signature page and provided to me at my home address  i am attaching the previous letter from xxxx xxxx  stating that they were not able to validate the debt and that they would remove this fraudulent account from all credit bureau  s  i want a similar removal letter from south and verification in writing that this fraudulent account will not be reported to the three major credit bureau  s by them and if they have already reported  i want a similar removal letter sent to me within 15 days  if southwest group can not validate via a signature page i want this fraudulent account removed and i never want to have to deal with them again  if necessary  i will seek legal council  this account is not mine and was opened in my name fraudulently,1815,321,87
02-02-2025,Credit reporting or other personal consumer reports,Problem with a company's investigation into an existing problem,I have sent several certified letters requesting that my personal information be corrected including deleting telephone numbers and address not associated to me yet my report still contains incorrect information.,Closed with explanation,i have sent several certified letters requesting that my personal information be corrected including deleting telephone numbers and address not associated to me yet my report still contains incorrect information,211,30,88
23-04-2025,Credit reporting or other personal consumer reports,Incorrect information on your report,"XXXX XXXX, XX/XX/year> This CFPB complaint has been filed to request pursuant to FCRA 605B ( 15 U.S.C. 1681c-2 ) that you, the TransUnion credit reporting agency , block information appearing on my consumer credit report that is the result of identity theft and fraud within 4 business days of you receiving this complaint. This fraudulent, inaccurate, and false information consists of XXXX XXXX XXXX XXXX XXXX XXXX XXXX XXXX XXXX XXXX XXXX XXXX XXXX XXXX XXXX XXXX XXXX XXXX These accounts have resulted in several fraudulent hard inquiries and fraudulent collections appearing on my consumer FICO credit report. All of the aforementioned accounts, collections, and hard inquiries are the result of identity theft and fraud. I have attached a copy of FTC Identity Theft Criminal Complaint XXXX as proof from the US Federal Trade Commission that all of the aforementioned consumer credit accounts, collections, and hard inquiries are the result of identity theft and fraud.",Closed with non-monetary relief,xxxx xxxx  xx xx year  this cfpb complaint has been filed to request pursuant to fcra 605b   15 u s c  1681c 2   that you  the transunion credit reporting agency   block information appearing on my consumer credit report that is the result of identity theft and fraud within 4 business days of you receiving this complaint  this fraudulent  inaccurate  and false information consists of xxxx xxxx xxxx xxxx xxxx xxxx xxxx xxxx xxxx xxxx xxxx xxxx xxxx xxxx xxxx xxxx xxxx xxxx these accounts have resulted in several fraudulent hard inquiries and fraudulent collections appearing on my consumer fico credit report  all of the aforementioned accounts  collections  and hard inquiries are the result of identity theft and fraud  i have attached a copy of ftc identity theft criminal complaint xxxx as proof from the us federal trade commission that all of the aforementioned consumer credit accounts  collections  and hard inquiries are the result of identity theft and fraud,973,158,89
05-03-2019,Debt collection,Attempts to collect debt not owed,"I reported to the FTC about a Name being listed on my credit report as if it was my name, it states also known as. This name is associated with an account that was opened with XXXX XXXX XXXX  and then sold to LVNV funding, they are now reporting this name and this account on my personal credit report with XXXX, XXXX and XXXX XXXX have removed this account already, but XXXX has not and the collection agency continues to report this account as mines even though the names are similar but different. I t is affecting my ability to raise my credit and look responsible to employees and creditors, I would like it removed. The account was opened inXX/XX/XXXX for the amount of XXXX, I disputed this account back inXX/XX/XXXX andXX/XX/XXXX, I also included a statement on my credit report and file.",Closed with non-monetary relief,i reported to the ftc about a name being listed on my credit report as if it was my name  it states also known as  this name is associated with an account that was opened with xxxx xxxx xxxx and then sold to lvnv funding  they are now reporting this name and this account on my personal credit report with xxxx  xxxx and xxxx xxxx have removed this account already  but xxxx has not and the collection agency continues to report this account as mines even though the names are similar but different  i t is affecting my ability to raise my credit and look responsible to employees and creditors  i would like it removed  the account was opened inxx xx xxxx for the amount of xxxx  i disputed this account back inxx xx xxxx andxx xx xxxx  i also included a statement on my credit report and file,794,149,90
19-11-2018,"Credit reporting, credit repair services, or other personal consumer reports",Problem with a credit reporting company's investigation into an existing problem,"I purchased a car on or about XX/XX/2017. Credit was pulled by several companies, including - XXXX   XXXX, XXXX and XXXX XXXX XXXX XXXX. 
The companies above pulled credit 3,2 & 2 x respectively for a single transaction. ( See XXXX 2 Attachment ) .These pulls are each being recorded as a hard inquiry and have affected my rating on Transunion . ( See Attachment ). Hard Inquiries are 12 instead of 8. 

I have contacted Transunion and they said only the creditors can fix it. I have contacted the creditors and they have no process to remove the extra inquiries, and I should file a dispute with Transunion. I file a dispute with Transunion and they state the creditor had the authority to pull my credit. 

Yes they had approval to pull my credit once, not 2 or 3 times. Please assist me in helping get these items removed.",Closed with explanation,i purchased a car on or about xx xx 2017  credit was pulled by several companies  including   xxxx xxxx  xxxx and xxxx xxxx xxxx xxxx  the companies above pulled credit 3 2   2 x respectively for a single transaction    see xxxx 2 attachment    these pulls are each being recorded as a hard inquiry and have affected my rating on transunion     see attachment    hard inquiries are 12 instead of 8  i have contacted transunion and they said only the creditors can fix it  i have contacted the creditors and they have no process to remove the extra inquiries  and i should file a dispute with transunion  i file a dispute with transunion and they state the creditor had the authority to pull my credit  yes they had approval to pull my credit once  not 2 or 3 times  please assist me in helping get these items removed,817,146,91
20-02-2016,Credit reporting,Incorrect information on credit report,"I called XXXX XXXX for billing XXXX because they are unfairly charging me for medical visits. I showed up at the office and they said the doctor could not see me and one of the charges they called me to come and when I arrived they said I did not have an appointment. The doctor has refused to give me XXXX even though the prescription XXXX XXXX prescribed has XXXX to it. XXXX. I came at their request they did not provide a service. XXXX XXXX, 2015 when I paid them is the only charge I should have. I always paid {$20.00} and had no balance owed. Every since I told them I had Medicare they have increased the amount. I have a deductive with Medicare which I did not know about until Medicare wrote me. Recently Medicare paid another bill at XXXX XXXX XXXX because I stopped taking the medicine that broke me out and started with the vinegar in a glass of water. I feel my rights have been violated by sending me this bill when they have not provided service. They have charged me {$170.00} 3 times. I am a XXXX and my rent is going up next month on their tier method. I do n't need this fraudulent charge on my credit. Please help.",Closed with explanation,i called xxxx xxxx for billing xxxx because they are unfairly charging me for medical visits  i showed up at the office and they said the doctor could not see me and one of the charges they called me to come and when i arrived they said i did not have an appointment  the doctor has refused to give me xxxx even though the prescription xxxx xxxx prescribed has xxxx to it  xxxx  i came at their request they did not provide a service  xxxx xxxx  2015 when i paid them is the only charge i should have  i always paid   20 00  and had no balance owed  every since i told them i had medicare they have increased the amount  i have a deductive with medicare which i did not know about until medicare wrote me  recently medicare paid another bill at xxxx xxxx xxxx because i stopped taking the medicine that broke me out and started with the vinegar in a glass of water  i feel my rights have been violated by sending me this bill when they have not provided service  they have charged me   170 00  3 times  i am a xxxx and my rent is going up next month on their tier method  i do n t need this fraudulent charge on my credit  please help,1134,221,92
22-10-2018,"Credit reporting, credit repair services, or other personal consumer reports",Incorrect information on your report,"There is a hard credit inquiry on my account dated XX/XX/XXXX from the following company : XXXX XXXX XXXX, Fl XXXX XXXX I never applied for this credit card. I contacted the company and they say they don't have an open account for me and that I need to contact XXXX XXXX to resolve the issue, XXXX tells me to contact the business to get it cleared up. 



There is a hard credit inquiry on my account dated XX/XX/XXXX from the following company : XXXX XXXX, Fl XXXX XXXX I never applied for this credit card. I contacted the company and they say they don't have an open account for me and that I need to contact XXXX XXXX to resolve the issue, XXXX tells me to contact the business to get it cleared up. 


There is a hard credit inquiry on my account dated XX/XX/XXXX from the following company : XXXX XXXX, Fl XXXX XXXX I never applied for this credit card. I contacted the company and they say they don't have an open account for me and that I need to contact XXXX XXXX to resolve the issue, XXXX  tells me to contact the business to get it cleared up.",Closed with explanation,there is a hard credit inquiry on my account dated xx xx xxxx from the following company   xxxx xxxx xxxx  fl xxxx xxxx i never applied for this credit card  i contacted the company and they say they don t have an open account for me and that i need to contact xxxx xxxx to resolve the issue  xxxx tells me to contact the business to get it cleared up  there is a hard credit inquiry on my account dated xx xx xxxx from the following company   xxxx xxxx  fl xxxx xxxx i never applied for this credit card  i contacted the company and they say they don t have an open account for me and that i need to contact xxxx xxxx to resolve the issue  xxxx tells me to contact the business to get it cleared up  there is a hard credit inquiry on my account dated xx xx xxxx from the following company   xxxx xxxx  fl xxxx xxxx i never applied for this credit card  i contacted the company and they say they don t have an open account for me and that i need to contact xxxx xxxx to resolve the issue  xxxx tells me to contact the business to get it cleared up,1047,208,93
26-01-2026,Credit card,"Other features, terms, or problems","I am filing this complaint regarding a failure by Chase to fulfill a rewards redemption and their subsequent failure to refund my XXXX XXXX  points or provide a resolution after more than 60 days. 


Details of the Issue : Transaction Date : XXXX Item Ordered : XXXX XXXX pro via the "" Shops at Chase '' XXXX XXXX. 
XXXX : 15 % discount/bonus on point redemptions for XXXX products XXXX 
Points Deducted : XXXX pts Timeline of Events : Order Placement : I successfully placed the order and points were immediately debited from my account. 

30-Day Mark : I contacted Chase as the order had not arrived. I was told the order "" could not be found in the system, '' yet it had not been cancelled and my points had not been returned. 

45-Day Mark : I called again to follow up. The case was allegedly "" escalated '' to the fulfillment team ( The Shops at Chase ). 

70-Day Mark ( Present ) : It has now been over two months. I have received XXXX updates, no tracking information, and no refund of my points. I am essentially being "" held hostage '' Chase has my rewards currency, but I have no product and no way to use those points elsewhere.",Closed with explanation,i am filing this complaint regarding a failure by chase to fulfill a rewards redemption and their subsequent failure to refund my xxxx xxxx points or provide a resolution after more than 60 days  details of the issue   transaction date   xxxx item ordered   xxxx xxxx pro via the   shops at chase    xxxx xxxx  xxxx   15   discount bonus on point redemptions for xxxx products xxxx points deducted   xxxx pts timeline of events   order placement   i successfully placed the order and points were immediately debited from my account  30 day mark   i contacted chase as the order had not arrived  i was told the order   could not be found in the system     yet it had not been cancelled and my points had not been returned  45 day mark   i called again to follow up  the case was allegedly   escalated    to the fulfillment team   the shops at chase    70 day mark   present     it has now been over two months  i have received xxxx updates  no tracking information  and no refund of my points  i am essentially being   held hostage    chase has my rewards currency  but i have no product and no way to use those points elsewhere,1127,194,94
16-04-2025,Credit reporting or other personal consumer reports,Problem with a company's investigation into an existing problem,"My account was never late! I have had exceptional payment history all payments were placed on XXXX. This late payment that is reporting is a result on a systematic error on their end processing my payment. 


This was clearly a billing error made my the company and is not a reflection of my payment experience which violates USC Code 1681eb. This error has caused severe hard to my reputation, my character, my mode of living and to my family! 


I demand the late payment to be updated. 


They are not in compliance with the following law. 15 USC 1666b and its requirements set the standards and the guidance for a creditor to treat a payment as late, yet they are reporting a payment as late and they did not comply with the law! 


15 USC 1666b ( a ) Time to make payments A creditor may not treat a payment on a credit card account under an open end consumer credit plan as late for any purpose, unless the creditor has adopted reasonable procedures designed to ensure that each periodic statement including the information required by section 1637 ( b ) of this title is mailed or delivered to the consumer not later than 21 days before the payment due date. 


Never Sent the periodic statement along with the disclosures from section 1637 ( b ). 


I have requested proof that this information was mailed or delivered 21 days before the payment due date and this information was requested in good faith pursuant rule 1002 and It was never provided. 


This is unfair, illegal, fraudulent, and not equitable to me as a consumer! 


Update the late payments from my consumer reports",Closed with explanation,my account was never late  i have had exceptional payment history all payments were placed on xxxx  this late payment that is reporting is a result on a systematic error on their end processing my payment  this was clearly a billing error made my the company and is not a reflection of my payment experience which violates usc code 1681eb  this error has caused severe hard to my reputation  my character  my mode of living and to my family  i demand the late payment to be updated  they are not in compliance with the following law  15 usc 1666b and its requirements set the standards and the guidance for a creditor to treat a payment as late  yet they are reporting a payment as late and they did not comply with the law  15 usc 1666b   a   time to make payments a creditor may not treat a payment on a credit card account under an open end consumer credit plan as late for any purpose  unless the creditor has adopted reasonable procedures designed to ensure that each periodic statement including the information required by section 1637   b   of this title is mailed or delivered to the consumer not later than 21 days before the payment due date  never sent the periodic statement along with the disclosures from section 1637   b    i have requested proof that this information was mailed or delivered 21 days before the payment due date and this information was requested in good faith pursuant rule 1002 and it was never provided  this is unfair  illegal  fraudulent  and not equitable to me as a consumer  update the late payments from my consumer reports,1565,275,95
11-04-2015,Debt collection,False statements or representation,"XXXX/XXXX/XXXX XXXX XXXX referred XXXX bills for services to a collection company, Interstate Collection Inc. After examining the explanation of benefits and speaking to a representative from my health insurance company, it was determined that the dates of service and fees are erroneous. I wrote a letter to the collection company denying bill. I also spoke directly to a customer service representative from XXXX hospital billing office by phone. When I quoted the dates of service and fees listed on bill the representative stated that she did not have that information in the system. Letters and phone conversations have been unsuccessful in getting this matter resolved. This negative information will affect my credit rating and impact the interest rate. 
Listed Below is the bill information Date of service : XXXX/XXXX/XXXX {$180.00} Date of service : XXXX/XXXX/XXXX {$20.00} Date of service : XXXX/XXXX/XXXX {$100.00} Date of service : XXXX/XXXX/XXXX {$170.00} My health insurance company mails me an explanation of payments which listed the fees they pay and the any cost that I am responsible for. I reiterate -- the insurance company has stated that they do not have any information for dates and fees listed above. I am responsible for deductibles and copays.",Closed with explanation,xxxx xxxx xxxx xxxx xxxx referred xxxx bills for services to a collection company  interstate collection inc  after examining the explanation of benefits and speaking to a representative from my health insurance company  it was determined that the dates of service and fees are erroneous  i wrote a letter to the collection company denying bill  i also spoke directly to a customer service representative from xxxx hospital billing office by phone  when i quoted the dates of service and fees listed on bill the representative stated that she did not have that information in the system  letters and phone conversations have been unsuccessful in getting this matter resolved  this negative information will affect my credit rating and impact the interest rate  listed below is the bill information date of service   xxxx xxxx xxxx   180 00  date of service   xxxx xxxx xxxx   20 00  date of service   xxxx xxxx xxxx   100 00  date of service   xxxx xxxx xxxx   170 00  my health insurance company mails me an explanation of payments which listed the fees they pay and the any cost that i am responsible for  i reiterate    the insurance company has stated that they do not have any information for dates and fees listed above  i am responsible for deductibles and copays,1270,211,96
13-04-2023,"Credit reporting, credit repair services, or other personal consumer reports",Incorrect information on your report,"In accordance with the Fair Credit Reporting act. The List of accounts below has violated my federally protected consumer rights to privacy and confidentiality under 15 USC 1681 with information that doesnt belong to me and was not done by me under fraud. A XXXX XXXX - XXXX XXXX  XXXX : # XXXX, XXXX XXXX  : # XXXX, has violated my rights.

15 U.S.C 1681 section 602 A. States I have the right to privacy 15 U.S.C 1681 Section 604 A Section 2 : It also states a consumer reporting agency can not furnish a account without my written instructions 15 U.S.C 1681c. ( a ) ( 5 ) Section States : no consumer reporting agency may make any consumer report containing any of the following items of information Any other adverse item of information, other than records of convictions of crimes which antedates the report by more than seven years. 15 U.S.C. 1681s-2 ( A ) ( 1 ) A person shall not furnish any information relating to a consumer to any consumer reporting agency if the person knows or has reasonable cause to believe that the information is inaccurate. 

Thank you for your time, XXXX XXXX",Closed with explanation,in accordance with the fair credit reporting act  the list of accounts below has violated my federally protected consumer rights to privacy and confidentiality under 15 usc 1681 with information that doesnt belong to me and was not done by me under fraud  a xxxx xxxx   xxxx xxxx xxxx     xxxx  xxxx xxxx     xxxx  has violated my rights  15 u s c 1681 section 602 a  states i have the right to privacy 15 u s c 1681 section 604 a section 2   it also states a consumer reporting agency can not furnish a account without my written instructions 15 u s c 1681c    a     5   section states   no consumer reporting agency may make any consumer report containing any of the following items of information any other adverse item of information  other than records of convictions of crimes which antedates the report by more than seven years  15 u s c  1681s 2   a     1   a person shall not furnish any information relating to a consumer to any consumer reporting agency if the person knows or has reasonable cause to believe that the information is inaccurate  thank you for your time  xxxx xxxx,1090,192,97
07-12-2021,Debt collection,Attempts to collect debt not owed,"I received a bill from XXXX XXXX XXXX ( XXXX ) in the mail a couple weeks ago for {$45.00} ( but said they were willing to settle for {$34.00} ) to collect a debt on my PayPal account. I called PayPal, and they said I have a long history of being in good standing with them, and that I owe nothing. Furthermore, they said if I did have a debt, they would use my email address for communication, and not send anything to a 3rd party debt collector. They told me the letter I received was fraudulent and to disregard it. I have already filed a claim with the XXXX as well. There are hundreds of fraud/ phishing complaints about XXXX XXXX the internet, and I am curious if they are true.",Closed with non-monetary relief,i received a bill from xxxx xxxx xxxx   xxxx   in the mail a couple weeks ago for   45 00    but said they were willing to settle for   34 00    to collect a debt on my paypal account  i called paypal  and they said i have a long history of being in good standing with them  and that i owe nothing  furthermore  they said if i did have a debt  they would use my email address for communication  and not send anything to a 3rd party debt collector  they told me the letter i received was fraudulent and to disregard it  i have already filed a claim with the xxxx as well  there are hundreds of fraud  phishing complaints about xxxx xxxx the internet  and i am curious if they are true,683,131,98
03-04-2015,Credit card,Other,"My monthly minimum payments are 5 %. I pay my payment every month but since it is so large I have to use the card to pay other bills, so I can never reduce or pay off my amount owed. I think that a 5 % minimum payment is excessive. I would like to pay down my debt but will never be able to at this rate.",Closed with explanation,my monthly minimum payments are 5    i pay my payment every month but since it is so large i have to use the card to pay other bills  so i can never reduce or pay off my amount owed  i think that a 5   minimum payment is excessive  i would like to pay down my debt but will never be able to at this rate,303,65,99
15-12-2022,"Credit reporting, credit repair services, or other personal consumer reports",Improper use of your report,"I am both confused and furious by what the credit reporting agencies are showing on my credit report. I recently wanted to check on my information to make sure there wasn't anything inaccurate and see that a bankruptcy from XXXX is reporting. I immediately contacted my attorney who told me originally bankruptcy and any account associated with it can not be shown on my credit report and to contact the court. I then went down to the US District Court in XXXX, NJ and asked for documentation that they send to the credit bureaus without my consent. The young lady was very professional and told me they get these questions XXXX of times a month but they do not supply information to any credit bureaus because it's a violation of the privacy act and that's all she could tell me. I am ready to have my attorney file suit because this is ridiculous. I have not given Tran Union, XXXX, XXXX, XXXX XXXX or any other business permission to report ANY private information and demand it be removed in the next 30 days. I don't understand how any company has the audacity to violate a law abiding citizen 's rights. If this can't be resolved timely I will move forward with filing suit in my local federal court.",Closed with non-monetary relief,i am both confused and furious by what the credit reporting agencies are showing on my credit report  i recently wanted to check on my information to make sure there wasn t anything inaccurate and see that a bankruptcy from xxxx is reporting  i immediately contacted my attorney who told me originally bankruptcy and any account associated with it can not be shown on my credit report and to contact the court  i then went down to the us district court in xxxx  nj and asked for documentation that they send to the credit bureaus without my consent  the young lady was very professional and told me they get these questions xxxx of times a month but they do not supply information to any credit bureaus because it s a violation of the privacy act and that s all she could tell me  i am ready to have my attorney file suit because this is ridiculous  i have not given tran union  xxxx  xxxx  xxxx xxxx or any other business permission to report any private information and demand it be removed in the next 30 days  i don t understand how any company has the audacity to violate a law abiding citizen  s rights  if this can t be resolved timely i will move forward with filing suit in my local federal court,1205,223,100
17-03-2025,Credit reporting or other personal consumer reports,Problem with a company's investigation into an existing problem,"FERPA violation, my information was leaked in a data breach, breach of contract due to DOGEs unauthorized access to my personal information Mohela was notified via email and postal service of the breach of contract. I mailed a dispute letter on XXXX with no resolution. I have also disputed the validity of the loans with the credit bureaus ( XXXX, XXXX, XXXX, XXXX ).",Closed with explanation,ferpa violation  my information was leaked in a data breach  breach of contract due to doges unauthorized access to my personal information mohela was notified via email and postal service of the breach of contract  i mailed a dispute letter on xxxx with no resolution  i have also disputed the validity of the loans with the credit bureaus   xxxx  xxxx  xxxx  xxxx,365,62,101
11-06-2025,Debt collection,Attempts to collect debt not owed,"I am writing to formally contest the presence of a fraudulent account on my credit reports, linked to identity theft, and to demand immediate action in accordance with my rights as a consumer. 

XXXX years ago, I experienced a traumatic incident at [ XXXX XXXX ] when my wallet and luggage were lost, containing my driver 's license, Social Security card, and several credit cards. Despite extensive efforts to recover these items, I was unable to do so. Recently, I discovered multiple fraudulent accounts on my credit report that I did not open. I firmly believe these accounts resulted from the identity theft associated with the loss of my wallet and the subsequent compromise of my personal information. 

Additionally, I am a victim of the XXXX  data breach, a breach that has further exacerbated the challenges I face as a consumer. It is unfair that my data has been breached and that I am now struggling with the ramifications of this identity theft. It feels unjust to have these negative accounts hanging over my head, impeding my ability to move forward with my financial life. 

I have filed a police report regarding this matter, and I have attached a copy for your review. Under the Fair Credit Reporting Act ( FCRA ) and the Fair Debt Collection Practices Act ( FDCPA ), I am entitled to have these fraudulent accounts investigated and removed promptly.",Closed with explanation,i am writing to formally contest the presence of a fraudulent account on my credit reports  linked to identity theft  and to demand immediate action in accordance with my rights as a consumer  xxxx years ago  i experienced a traumatic incident at   xxxx xxxx   when my wallet and luggage were lost  containing my driver  s license  social security card  and several credit cards  despite extensive efforts to recover these items  i was unable to do so  recently  i discovered multiple fraudulent accounts on my credit report that i did not open  i firmly believe these accounts resulted from the identity theft associated with the loss of my wallet and the subsequent compromise of my personal information  additionally  i am a victim of the xxxx data breach  a breach that has further exacerbated the challenges i face as a consumer  it is unfair that my data has been breached and that i am now struggling with the ramifications of this identity theft  it feels unjust to have these negative accounts hanging over my head  impeding my ability to move forward with my financial life  i have filed a police report regarding this matter  and i have attached a copy for your review  under the fair credit reporting act   fcra   and the fair debt collection practices act   fdcpa    i am entitled to have these fraudulent accounts investigated and removed promptly,1361,228,102
12-03-2021,Checking or savings account,Managing an account,"I have had a fraud block on my Citibank account since XX/XX/2020. I called and they stated via telephone that the account was due to be closed after 30 days. It has been more then 30 days. They still allow deposits into my account. They will not notify me via mail, telephone, or email about why my account is like this. I have had my stimulus check deposited into that account and I am not receiving any mail.",Closed with explanation,i have had a fraud block on my citibank account since xx xx 2020  i called and they stated via telephone that the account was due to be closed after 30 days  it has been more then 30 days  they still allow deposits into my account  they will not notify me via mail  telephone  or email about why my account is like this  i have had my stimulus check deposited into that account and i am not receiving any mail,409,80,103
22-08-2016,Debt collection,Disclosure verification of debt,I have requested these XXXX accounts be validated and was told that they did not have to since it was not requested in the first 30 days. I never received notice at any point that I owed anyone any money. I have disputed this with the bureaus several times and spoke to this company directly. I am getting the run around and there is nothing that indicates this is mine. I want it off my credit report this is absolutely illegal what they are trying to do. I want a letter from them indicating they are deleting any reference to the XXXX accounts XXXX & XXXX.,Closed with explanation,i have requested these xxxx accounts be validated and was told that they did not have to since it was not requested in the first 30 days  i never received notice at any point that i owed anyone any money  i have disputed this with the bureaus several times and spoke to this company directly  i am getting the run around and there is nothing that indicates this is mine  i want it off my credit report this is absolutely illegal what they are trying to do  i want a letter from them indicating they are deleting any reference to the xxxx accounts xxxx   xxxx,558,105,104
13-09-2024,Credit reporting or other personal consumer reports,Improper use of your report,"In accordance with the Fair Credit Reporting act. The List of accounts below has violated my federally protected consumer rights to privacy and confidentiality under 15 USC 1681. 

XXXX XXXX XXXX XXXX XXXX XXXX XXXX XXXX XXXXXXXX, has violated my rights. 

15 U.S.C 1681 section 602 A. States I have the right to privacy.

15 U.S.C 1681 Section 604 A Section 2 : It also states a consumer reporting agency can not furnish an account without my written instructions.

15 U.S.C 1681c. ( a ) ( 5 ) Section States : no consumer reporting agency may make any consumer report containing any of the following items of information Any other adverse item of information, other than records of convictions of crimes which antedates the report by more than seven years.

15 U.S.C. 1681s-2 ( A ) ( 1 ) A person shall not furnish any information relating to a consumer to any consumer reporting agency if the person knows or has reasonable cause to believe that the information is inaccurate.",Closed with non-monetary relief,in accordance with the fair credit reporting act  the list of accounts below has violated my federally protected consumer rights to privacy and confidentiality under 15 usc 1681  xxxx xxxx xxxx xxxx xxxx xxxx xxxx xxxx xxxxxxxx  has violated my rights  15 u s c 1681 section 602 a  states i have the right to privacy  15 u s c 1681 section 604 a section 2   it also states a consumer reporting agency can not furnish an account without my written instructions  15 u s c 1681c    a     5   section states   no consumer reporting agency may make any consumer report containing any of the following items of information any other adverse item of information  other than records of convictions of crimes which antedates the report by more than seven years  15 u s c  1681s 2   a     1   a person shall not furnish any information relating to a consumer to any consumer reporting agency if the person knows or has reasonable cause to believe that the information is inaccurate,971,169,105
03-03-2025,Credit reporting or other personal consumer reports,Improper use of your report,"XXXX XXXX XXXX XXXX XXXX, XXXX XXXXXXXX XXXX XXXXXXXX XX/XX/XXXX XXXX XXXXXXXX XXXX XXXX XXXX XXXX XXXX XXXX XXXX XXXX XXXXXXXX Subject : Dispute of Car Repossession - Unauthorized Debt Acquisition - Violation of 15 U.S. Code 1681b ( a ) ( 2 ) Dear XXXX, I am writing to formally dispute a repossession listed on my credit report related to an account with XXXX XXXX XXXX account number XXXX, with a reported repossession date of XX/XX/XXXX. 

It has come to my attention that XXXX XXXX acquired this debt from American Car Center without my knowledge or permission. Under 15 U.S. Code 1681b ( a ) ( 2 ), my credit report information can only be accessed or reported when there is a permissible purpose, such as my explicit authorization or another valid legal reason. 

I did not sign or authorize any agreement allowing XXXX XXXX to purchase or assume this debt. Therefore, I believe the inclusion of this account on my credit report is inaccurate and potentially unlawful. 

I am requesting verification of the accuracy of this repossession entry, including proof of my authorization allowing XXXX XXXX to acquire this debt. If the debt transfer or reporting can not be validated, I request immediate removal of this account from my credit report. 

As outlined by the Fair Credit Reporting Act ( FCRA ), I expect the results of your investigation and a resolution within 30 days. To assist in your investigation, I have enclosed a copy of my credit report showing the disputed item, along with any relevant documents, such as correspondence with American Car Center. I have also included a copy of my identification for verification purposes. 

If further information is required, please contact me directly at [ Your Phone Number ] or [ Your Email Address ]. 

Thank you for your prompt attention to this matter. 

Sincerely, XXXX XXXX",Closed with explanation,xxxx xxxx xxxx xxxx xxxx  xxxx xxxxxxxx xxxx xxxxxxxx xx xx xxxx xxxx xxxxxxxx xxxx xxxx xxxx xxxx xxxx xxxx xxxx xxxx xxxxxxxx subject   dispute of car repossession   unauthorized debt acquisition   violation of 15 u s  code 1681b   a     2   dear xxxx  i am writing to formally dispute a repossession listed on my credit report related to an account with xxxx xxxx xxxx account number xxxx  with a reported repossession date of xx xx xxxx  it has come to my attention that xxxx xxxx acquired this debt from american car center without my knowledge or permission  under 15 u s  code 1681b   a     2    my credit report information can only be accessed or reported when there is a permissible purpose  such as my explicit authorization or another valid legal reason  i did not sign or authorize any agreement allowing xxxx xxxx to purchase or assume this debt  therefore  i believe the inclusion of this account on my credit report is inaccurate and potentially unlawful  i am requesting verification of the accuracy of this repossession entry  including proof of my authorization allowing xxxx xxxx to acquire this debt  if the debt transfer or reporting can not be validated  i request immediate removal of this account from my credit report  as outlined by the fair credit reporting act   fcra    i expect the results of your investigation and a resolution within 30 days  to assist in your investigation  i have enclosed a copy of my credit report showing the disputed item  along with any relevant documents  such as correspondence with american car center  i have also included a copy of my identification for verification purposes  if further information is required  please contact me directly at   your phone number   or   your email address    thank you for your prompt attention to this matter  sincerely  xxxx xxxx,1826,301,106
09-12-2022,"Credit reporting, credit repair services, or other personal consumer reports",Problem with a credit reporting company's investigation into an existing problem,IVE SENT A CERTIFIED LETTER OVER A MONTH AGO AND HAVENT RECEIVED AN RESPONSE FROM THE COMPANY.,Closed with explanation,ive sent a certified letter over a month ago and havent received an response from the company,93,17,107
09-01-2024,Credit reporting or other personal consumer reports,Incorrect information on your report,"I just looked over a copy of my credit report. It said that the credit inquiries mentioned below were the source of the credit inquiry. But I did not authorize these investigations. As these queries are negatively impacting my ability to obtain credit and apply for loans, kindly have them erased from my credit report. Additionally, send me any supporting documents you may have for this request. 
XXXX XX/XX/XXXX XXXX XXXX XX/XX/XXXX XXXX XX/XX/XXXX XXXX XXXX XX/XX/XXXX XXXX XX/XX/XXXX XXXXXXXX XXXX XXXX XXXX XXXX XXXX XXXX XXXX XXXX XXXX XXXX XXXX XXXX XXXX XXXX XXXX XXXX XXXX XXXX XXXX XXXX XXXX XXXX XXXX XXXX XXXX XXXX XXXX XXXX XXXX XXXX XXXX XXXX XXXX XXXX XXXX XXXX XXXX XXXX XXXX XXXX XXXX XXXX XXXX XXXX XXXX XXXX XXXX XXXX XXXX XXXX XXXX XXXX XXXX XXXX XXXX XXXX XXXX XXXX XXXX XXXX XXXX XXXX XXXX XXXX XXXX XXXX XXXX XXXX XXXX XXXX XXXX XXXX XXXX XXXX XXXX XXXX XXXX XXXX XXXX XXXX XXXX XXXX XXXX XXXX XXXXXXXX XXXX XXXX XXXX XXXX XXXX XXXX XXXX XXXX XXXX XXXX XXXX XXXX XXXX XXXX XXXX XXXX XXXX XXXX XXXX XXXX XXXX XXXX XXXX XXXXXXXX XXXX XX/XX/XXXX XXXX XXXX XX/XX/XXXX XXXX XX/XX/XXXX XXXX XXXX XXXX XX/XX/XXXX XXXX XX/XX/XXXX XXXX XX/XX/XXXX XXXX XX/XX/XXXX",Closed with non-monetary relief,i just looked over a copy of my credit report  it said that the credit inquiries mentioned below were the source of the credit inquiry  but i did not authorize these investigations  as these queries are negatively impacting my ability to obtain credit and apply for loans  kindly have them erased from my credit report  additionally  send me any supporting documents you may have for this request  xxxx xx xx xxxx xxxx xxxx xx xx xxxx xxxx xx xx xxxx xxxx xxxx xx xx xxxx xxxx xx xx xxxx xxxxxxxx xxxx xxxx xxxx xxxx xxxx xxxx xxxx xxxx xxxx xxxx xxxx xxxx xxxx xxxx xxxx xxxx xxxx xxxx xxxx xxxx xxxx xxxx xxxx xxxx xxxx xxxx xxxx xxxx xxxx xxxx xxxx xxxx xxxx xxxx xxxx xxxx xxxx xxxx xxxx xxxx xxxx xxxx xxxx xxxx xxxx xxxx xxxx xxxx xxxx xxxx xxxx xxxx xxxx xxxx xxxx xxxx xxxx xxxx xxxx xxxx xxxx xxxx xxxx xxxx xxxx xxxx xxxx xxxx xxxx xxxx xxxx xxxx xxxx xxxx xxxx xxxx xxxx xxxx xxxx xxxx xxxx xxxx xxxx xxxx xxxxxxxx xxxx xxxx xxxx xxxx xxxx xxxx xxxx xxxx xxxx xxxx xxxx xxxx xxxx xxxx xxxx xxxx xxxx xxxx xxxx xxxx xxxx xxxx xxxx xxxxxxxx xxxx xx xx xxxx xxxx xxxx xx xx xxxx xxxx xx xx xxxx xxxx xxxx xxxx xx xx xxxx xxxx xx xx xxxx xxxx xx xx xxxx xxxx xx xx xxxx,1176,230,108
27-07-2024,Credit reporting or other personal consumer reports,Incorrect information on your report,"XXXX XXXX XXXX XX/XX/year> XXXX Driver License XXXX XXXX XXXX XXXX XXXX XXXX, Georgia XXXX Early Warning Services , LLC XXXX XXXX XXXX XXXX, XXXX XXXX XXXXXXXX, AZ XXXX ( XXXX ) XXXX I am writing to request an investigation of the following information that appears on my Early Warning Systems consumer report. I have NEVER opened or used the following account numbers : XXXX XXXX XXXXXXXX [ XXXX ) Account # XXXX Routing # XXXX Regions Financial ( XXXX ) Account # XXXX Routing # XXXX XXXX XXXX  ( XXXX XXXX Account # XXXX Routing # XXXX I don't recognize the following accounts in question. I'm a victim of identity theft and I don't recognize these accounts on my report. Im requesting the following information be deleted from Early Warnings Consumer report immediately! I've attached a copy of the report to this request. 

Thank you for your assistance Sincerely XXXX XXXX",Closed with explanation,xxxx xxxx xxxx xx xx year  xxxx driver license xxxx xxxx xxxx xxxx xxxx xxxx  georgia xxxx early warning services   llc xxxx xxxx xxxx xxxx  xxxx xxxx xxxxxxxx  az xxxx   xxxx   xxxx i am writing to request an investigation of the following information that appears on my early warning systems consumer report  i have never opened or used the following account numbers   xxxx xxxx xxxxxxxx   xxxx   account   xxxx routing   xxxx regions financial   xxxx   account   xxxx routing   xxxx xxxx xxxx   xxxx xxxx account   xxxx routing   xxxx i don t recognize the following accounts in question  i m a victim of identity theft and i don t recognize these accounts on my report  im requesting the following information be deleted from early warnings consumer report immediately  i ve attached a copy of the report to this request  thank you for your assistance sincerely xxxx xxxx,875,143,109
16-05-2025,Checking or savings account,Managing an account,"To Whom It May Concern, I am submitting this formal complaint regarding Optum Bank 's improper handling and denial of my legitimate XXXX XXXX XXXX XXXX XXXX XXXX claims, which directly contradict IRS regulations governing XXXX usage. 

On XX/XX/year>, I made a payment to XXXX XXXX ( now known as XXXX XXXX ), followed by another payment on XX/XX/year>. Both payments were for valid XXXX XXXX received, as clearly documented by detailed, itemized billing provided by the XXXX XXXX 

Despite submitting proper documentation to Optum Bankspecifically itemized bills clearly showing the service provider, exact services rendered, date of service, and the XXXX XXXX account informationOptum Bank incorrectly denied these claims. Their justification for denial was based erroneously upon subsequent insurance payments and adjustments related to later, separate medical events. 

This approach directly violates IRS rules regarding XXXX claim processing. According to the IRS : Each medical event must be treated as an independent expense. If a claim was correctly made against an XXXX  for XXXXXXXX XXXX event, that claim remains independently valid, provided the event qualifies under IRS regulations. 

Any subsequent insurance adjustments, refunds, or unrelated overpayments from later XXXX  events have no bearing whatsoever on previously submitted and approved XXXX claims. 

Optum Bank 's actions have wasted considerable time and effort on my part, involved unnecessary stress, and demonstrated either a deliberate or negligent misunderstanding and misapplication of IRS guidelines. This is unacceptable practice for an entity managing sensitive consumer XXXX funds. 

I request that your agency investigate Optum Bank 's claims processing practices promptly, compel immediate correction and proper handling of my claims, and consider imposing appropriate fines or penalties to prevent future consumer harm resulting from similar misconduct. 

Thank you for addressing this matter promptly. 

Sincerely, XXXX XXXX",Closed with explanation,to whom it may concern  i am submitting this formal complaint regarding optum bank  s improper handling and denial of my legitimate xxxx xxxx xxxx xxxx xxxx xxxx claims  which directly contradict irs regulations governing xxxx usage  on xx xx year   i made a payment to xxxx xxxx   now known as xxxx xxxx    followed by another payment on xx xx year   both payments were for valid xxxx xxxx received  as clearly documented by detailed  itemized billing provided by the xxxx xxxx despite submitting proper documentation to optum bankspecifically itemized bills clearly showing the service provider  exact services rendered  date of service  and the xxxx xxxx account informationoptum bank incorrectly denied these claims  their justification for denial was based erroneously upon subsequent insurance payments and adjustments related to later  separate medical events  this approach directly violates irs rules regarding xxxx claim processing  according to the irs   each medical event must be treated as an independent expense  if a claim was correctly made against an xxxx for xxxxxxxx xxxx event  that claim remains independently valid  provided the event qualifies under irs regulations  any subsequent insurance adjustments  refunds  or unrelated overpayments from later xxxx events have no bearing whatsoever on previously submitted and approved xxxx claims  optum bank  s actions have wasted considerable time and effort on my part  involved unnecessary stress  and demonstrated either a deliberate or negligent misunderstanding and misapplication of irs guidelines  this is unacceptable practice for an entity managing sensitive consumer xxxx funds  i request that your agency investigate optum bank  s claims processing practices promptly  compel immediate correction and proper handling of my claims  and consider imposing appropriate fines or penalties to prevent future consumer harm resulting from similar misconduct  thank you for addressing this matter promptly  sincerely  xxxx xxxx,1997,292,110
23-04-2019,Checking or savings account,Opening an account,"Chase Bank is advertising a {$200.00} bonus for opening a checking account. On the website it says open account and coupon code automatically applied. The site also indicate that I should receive my bonus for opening an account within 10 days. I called Chase and asked where was the bonus and was told it if I didn't have a coupon code that it's too late to receive the bonus. I went inside a branch to talk to a representative and got the same result. I called customer service again and was told to create another account to receive the bonus. I knew that was incorrect so I asked to speak to a manager who was rude and condescending. The manager was not apologetic about me receiving the incorrect information. I think Chase is misleading consumers to sign up for an account and not give the bonus. I could have opened an account with XXXX XXXX, but I chose Chase because they used to have good customer service and wanted the bonus. I have documents to show the what information that the website is providing that proves I have been mislead. It clearly states the bonus coupon code will be automatically applied when opening an account online which I did.",Closed with explanation,chase bank is advertising a   200 00  bonus for opening a checking account  on the website it says open account and coupon code automatically applied  the site also indicate that i should receive my bonus for opening an account within 10 days  i called chase and asked where was the bonus and was told it if i didn t have a coupon code that it s too late to receive the bonus  i went inside a branch to talk to a representative and got the same result  i called customer service again and was told to create another account to receive the bonus  i knew that was incorrect so i asked to speak to a manager who was rude and condescending  the manager was not apologetic about me receiving the incorrect information  i think chase is misleading consumers to sign up for an account and not give the bonus  i could have opened an account with xxxx xxxx  but i chose chase because they used to have good customer service and wanted the bonus  i have documents to show the what information that the website is providing that proves i have been mislead  it clearly states the bonus coupon code will be automatically applied when opening an account online which i did,1158,212,111
20-10-2016,Credit card,Closing/Cancelling account,They charge me for annual membership I called and cancelled the card they said everything was okay the account was cancelled and the fee too so I had to destroyed the card and now they send me a new statement XXXX the charge y now they said they have a new policy and I have to pay Whitout using the account,Closed with monetary relief,they charge me for annual membership i called and cancelled the card they said everything was okay the account was cancelled and the fee too so i had to destroyed the card and now they send me a new statement xxxx the charge y now they said they have a new policy and i have to pay whitout using the account,307,61,112
17-07-2020,"Credit reporting, credit repair services, or other personal consumer reports",Incorrect information on your report,"SAGE STREAM I applied for a credit card for XXXX XXXX XXXX through XXXX XXXX on XX/XX/XXXX. 
I had a card with them for years, but canceled it in XX/XX/XXXX when XXXX and XXXX XXXX cards merged. I did not receive credit for clothes I returned, so I canceled my acct since they were having so many problems while they were merging cards. 

I applied for a new card on XX/XX/XXXX. They refused to give me one. I have EXCELLENT credit. I called XXXX and XXXX XXXX  and asked why, and they said they could not tell me. They told me to call Sage Stream. Sage Stream said they could not tell me either, but would send me a letter. 

The letter of XX/XX/XXXX said, "" We are unable to approve this application at this time because the information provided by the credit reporting agency has indicated that the applicant is deceased. '' I was concerned I had fraud, so I got credit reports from XXXX, XXXX  and XXXX. Everything was correct and my FICO is still very good. 

Sage Stream said that I should contact XXXX regarding my consumer file. XXXX said that they did not see a deceased statement on my file. 

Sage Stream refuses to help correct this information, so I am placing a security freeze on my account. 

Who is Sage Stream and why are they creating so many problems for people? 

Please take action and help consumers. 

Thank you! 
XXXX XXXX.",Closed with explanation,sage stream i applied for a credit card for xxxx xxxx xxxx through xxxx xxxx on xx xx xxxx  i had a card with them for years  but canceled it in xx xx xxxx when xxxx and xxxx xxxx cards merged  i did not receive credit for clothes i returned  so i canceled my acct since they were having so many problems while they were merging cards  i applied for a new card on xx xx xxxx  they refused to give me one  i have excellent credit  i called xxxx and xxxx xxxx and asked why  and they said they could not tell me  they told me to call sage stream  sage stream said they could not tell me either  but would send me a letter  the letter of xx xx xxxx said    we are unable to approve this application at this time because the information provided by the credit reporting agency has indicated that the applicant is deceased     i was concerned i had fraud  so i got credit reports from xxxx  xxxx and xxxx  everything was correct and my fico is still very good  sage stream said that i should contact xxxx regarding my consumer file  xxxx said that they did not see a deceased statement on my file  sage stream refuses to help correct this information  so i am placing a security freeze on my account  who is sage stream and why are they creating so many problems for people  please take action and help consumers  thank you  xxxx xxxx,1329,252,113
20-11-2025,Credit reporting or other personal consumer reports,Incorrect information on your report,"I am sending to dispute multiple inaccuracies on my credit report, including an incorrect address listed as XXXX XXXX XXXX XXXX XXXX XXXX XXXX XXXXXXXX, when my correct address is XXXX XXXXXXXX XXXX XXXX XXXX XXXX XXXX XXXX XXXX XXXXXXXX XXXX additionally, several accounts are reported with incorrect balances or statuses, including XXXX account ending XXXXXXXX XXXX XXXX XXXX XXXX  showing a charge-off with {$0.00} balance opened XX/XX/XXXX, XXXX XXXX accounts ending XXXXXXXX XXXX XXXX XXXX XXXX  with {$480.00} balance opened XX/XX/XXXX and XXXXXXXX XXXX XXXX XXXX XXXX with {$0.00} balance opened XX/XX/XXXX, XXXX XXXX  XXXX  account ending XXXXXXXX XXXX XXXX XXXX XXXX with {$8800.00} balance opened XX/XX/XXXX, XXXX XXXX  account XXXXXXXX XXXX XXXX XXXX XXXX with {$32000.00} balance opened XX/XX/XXXX, and a XXXX  account ( original creditor : XXXX XXXX XXXX ending XXXXXXXX XXXX XXXX XXXX XXXX  showing {$2200.00} balance opened XX/XX/XXXX, all of which contain inaccuracies in balances, account status, or reporting dates, and these errors are negatively affecting my creditworthiness and causing XXXX.",Closed with non-monetary relief,i am sending to dispute multiple inaccuracies on my credit report  including an incorrect address listed as xxxx xxxx xxxx xxxx xxxx xxxx xxxx xxxxxxxx  when my correct address is xxxx xxxxxxxx xxxx xxxx xxxx xxxx xxxx xxxx xxxx xxxxxxxx xxxx additionally  several accounts are reported with incorrect balances or statuses  including xxxx account ending xxxxxxxx xxxx xxxx xxxx xxxx showing a charge off with   0 00  balance opened xx xx xxxx  xxxx xxxx accounts ending xxxxxxxx xxxx xxxx xxxx xxxx with   480 00  balance opened xx xx xxxx and xxxxxxxx xxxx xxxx xxxx xxxx with   0 00  balance opened xx xx xxxx  xxxx xxxx xxxx account ending xxxxxxxx xxxx xxxx xxxx xxxx with   8800 00  balance opened xx xx xxxx  xxxx xxxx account xxxxxxxx xxxx xxxx xxxx xxxx with   32000 00  balance opened xx xx xxxx  and a xxxx account   original creditor   xxxx xxxx xxxx ending xxxxxxxx xxxx xxxx xxxx xxxx showing   2200 00  balance opened xx xx xxxx  all of which contain inaccuracies in balances  account status  or reporting dates  and these errors are negatively affecting my creditworthiness and causing xxxx,1105,183,114
15-12-2019,"Credit reporting, credit repair services, or other personal consumer reports",Incorrect information on your report,The account was closed by the guarantor and paid off in full but still reporting negatively.,Closed with explanation,the account was closed by the guarantor and paid off in full but still reporting negatively,91,16,115
15-01-2025,Credit reporting or other personal consumer reports,Incorrect information on your report,""" The Fair Credit Reporting Act ( 15 U.S. Code 1681 ) says ( 1 ) The banking system is dependent upon fair and accurate credit reporting. Inaccurate credit reports directly impair the efficiency of the banking system, and unfair credit reporting methods undermine the public confidence which is essential to the continued functioning of the banking system. 

So whenever there is a violation under the FCRA, it impairs the efficiency of the banking system. This is a violation of TILA US Code 1666B since I was never late. 

I recently reviewed my consumer report and noticed an incorrect late payment record on my XXXXXXXX XXXX account [ XXXX ]. I have always maintained timely payments on this account. Under the Fair Credit Billing Act ( FCBA ) and the Truth in Lending Act ( TILA ), creditors are required to accurately report consumer transactions and provide a mechanism for correcting errors in a timely manner. Please conduct an investigation into this matter, and if you can not provide documentary evidence of these supposed late payments, I demand these payments to be updated to on time as they should be as I was NEVER late. I expect these updates to be made promptly, in compliance with the law. 
""",Closed with non-monetary relief,the fair credit reporting act   15 u s  code 1681   says   1   the banking system is dependent upon fair and accurate credit reporting  inaccurate credit reports directly impair the efficiency of the banking system  and unfair credit reporting methods undermine the public confidence which is essential to the continued functioning of the banking system  so whenever there is a violation under the fcra  it impairs the efficiency of the banking system  this is a violation of tila us code 1666b since i was never late  i recently reviewed my consumer report and noticed an incorrect late payment record on my xxxxxxxx xxxx account   xxxx    i have always maintained timely payments on this account  under the fair credit billing act   fcba   and the truth in lending act   tila    creditors are required to accurately report consumer transactions and provide a mechanism for correcting errors in a timely manner  please conduct an investigation into this matter  and if you can not provide documentary evidence of these supposed late payments  i demand these payments to be updated to on time as they should be as i was never late  i expect these updates to be made promptly  in compliance with the law,1202,198,116
24-01-2025,Credit reporting or other personal consumer reports,Improper use of your report,"Despite my previous XXXX written requests, the unverified items listed below still remain on my credit report in violation of Federal Law. In their responses to my dispute letters, they stated that they have verified the items listed as accurate but failed to send me copies of the documents used to verify these accounts, as per my request. 

Their failure to provide these documents indicates that they can not and did not verify any of the disputed accounts as claimed. Furthermore, their failure to delete the disputed accounts that they can not verify after XXXX written requests demonstrates a willful disregard of Federal Law. 

Please review the attached letter. Thank you for your assistance.",Closed with non-monetary relief,despite my previous xxxx written requests  the unverified items listed below still remain on my credit report in violation of federal law  in their responses to my dispute letters  they stated that they have verified the items listed as accurate but failed to send me copies of the documents used to verify these accounts  as per my request  their failure to provide these documents indicates that they can not and did not verify any of the disputed accounts as claimed  furthermore  their failure to delete the disputed accounts that they can not verify after xxxx written requests demonstrates a willful disregard of federal law  please review the attached letter  thank you for your assistance,696,114,117
19-06-2023,"Credit reporting, credit repair services, or other personal consumer reports",Improper use of your report,in accordance with the Fair Credit Reporting act XXXX XXXX XXXX XXXX XXXX XXXX XXXX XXXX XXXX XXXX XXXX XXXX XXXX XXXX XXXX XXXX XXXX XXXX XXXX has violated 15 U.S.C 1691 section 602 A. States I have the right to privacy 15 U.S.C 1691 section 604 A Section 2 It also states consumer reporting agency can not furnish a without my written instructions,Closed with explanation,in accordance with the fair credit reporting act xxxx xxxx xxxx xxxx xxxx xxxx xxxx xxxx xxxx xxxx xxxx xxxx xxxx xxxx xxxx xxxx xxxx xxxx xxxx has violated 15 u s c 1691 section 602 a  states i have the right to privacy 15 u s c 1691 section 604 a section 2 it also states consumer reporting agency can not furnish a without my written instructions,349,68,118
15-04-2022,Debt collection,Attempts to collect debt not owed,"XXXX XXXX XXXX, Placed a collection notice on my credit for a {$440.00} bill that was paid through XXXX 5 1/2 years ago. They provided no proof and made no attempt to notify me of this false debt. Their actions cost me a refinance on my mortgage of 1.5 %, which they now owe me {$480.00} a month in damages until I can reapply for a refinance. 

I will give them 2 business days to respond with my first payment before seeking legal action.",Closed with explanation,xxxx xxxx xxxx  placed a collection notice on my credit for a   440 00  bill that was paid through xxxx 5 1 2 years ago  they provided no proof and made no attempt to notify me of this false debt  their actions cost me a refinance on my mortgage of 1 5    which they now owe me   480 00  a month in damages until i can reapply for a refinance  i will give them 2 business days to respond with my first payment before seeking legal action,437,87,119
26-11-2022,"Credit reporting, credit repair services, or other personal consumer reports",Incorrect information on your report,"I am submitting another CFPB complaint to you today to request once more to remove the fraudulent accounts and information that are being reported on my Credit File. My credit report contains a significant number of unauthorized requests, as well as some erroneous reporting of accounts and Information. I can tell that someone has stolen my identity. As a result, I filed a formal report to the FTC with File Number XXXX XXXX In accordance with the provisions of FCRA Section 605B ( 15 U.S.C. 1681c-2 ), I have included that report in this complaint. Please remove these items from my credit record as soon as possible to comply with the law ( i.e., 4 days ). Below is the list of accounts and information that you should have removed a long time ago. lease let me know if you require anything else. 
XXXX XXXX XXXX XXXX XXXX XXXX MO XXXX XXXX XXXX XXXX XXXX XXXX XXXX, MO XXXX XXXX XXXX XXXX XXXX XXXX XXXX XXXX MO XXXX XXXX XXXX XXXX XXXX XXXX XXXX MO XXXX XXXX XXXX XXXX XXXX XXXX, MO XXXX XXXX XXXX XXXX XXXX XXXX XXXX XXXX, MO XXXX XXXX XXXX XXXX XXXX XXXX XXXX XXXX MO XXXX XXXX XXXX XXXX Balance Owed : {$0.00} XXXX XXXX XXXX XXXX XXXX XXXX XXXX XXXX XXXX XXXX XX/XX/XXXX. Also, you have failed to send me copies of proof of verification from your alleged "" investigation ''. If you truly verified these items by means of proper investigation, you should have sent me any supporting documents. Failure to deliver these document should have resulted in the deletion of the disputed items.",Closed with non-monetary relief,i am submitting another cfpb complaint to you today to request once more to remove the fraudulent accounts and information that are being reported on my credit file  my credit report contains a significant number of unauthorized requests  as well as some erroneous reporting of accounts and information  i can tell that someone has stolen my identity  as a result  i filed a formal report to the ftc with file number xxxx xxxx in accordance with the provisions of fcra section 605b   15 u s c  1681c 2    i have included that report in this complaint  please remove these items from my credit record as soon as possible to comply with the law   i e   4 days    below is the list of accounts and information that you should have removed a long time ago  lease let me know if you require anything else  xxxx xxxx xxxx xxxx xxxx xxxx mo xxxx xxxx xxxx xxxx xxxx xxxx xxxx  mo xxxx xxxx xxxx xxxx xxxx xxxx xxxx xxxx mo xxxx xxxx xxxx xxxx xxxx xxxx xxxx mo xxxx xxxx xxxx xxxx xxxx xxxx  mo xxxx xxxx xxxx xxxx xxxx xxxx xxxx xxxx  mo xxxx xxxx xxxx xxxx xxxx xxxx xxxx xxxx mo xxxx xxxx xxxx xxxx balance owed     0 00  xxxx xxxx xxxx xxxx xxxx xxxx xxxx xxxx xxxx xxxx xx xx xxxx  also  you have failed to send me copies of proof of verification from your alleged   investigation     if you truly verified these items by means of proper investigation  you should have sent me any supporting documents  failure to deliver these document should have resulted in the deletion of the disputed items,1493,271,120
24-04-2024,Credit card,"Advertising and marketing, including promotional offers","I signed up and was approved on XX/XX/XXXX for an American Express Gold card with the sign up bonus or XXXX points awarded after {$6000.00} spend within 6 months. When I contacted Amex to confirm my welcome offer, they told me that when I had applied for it, sometime in XXXX, the offer was XXXX points and so I would not be receiving XXXX points. 

The terms in fine print explicitly states that if someone were to be ineligible for the welcome offer, then they would be notified so they can cancel the application. I was never notified and would not have signed up without the extra XXXX points. 

The XXXX offer is still going on now.",Closed with explanation,i signed up and was approved on xx xx xxxx for an american express gold card with the sign up bonus or xxxx points awarded after   6000 00  spend within 6 months  when i contacted amex to confirm my welcome offer  they told me that when i had applied for it  sometime in xxxx  the offer was xxxx points and so i would not be receiving xxxx points  the terms in fine print explicitly states that if someone were to be ineligible for the welcome offer  then they would be notified so they can cancel the application  i was never notified and would not have signed up without the extra xxxx points  the xxxx offer is still going on now,632,120,121
28-06-2016,Debt collection,Communication tactics,Company calls me three to six times a day even after telling them I can not make payments due to lose of work over XXXX. I admitted that I may not be able to make payment arrangements and may have to file for bankruptcy. I still get called three to six times a day from XXXX to XXXX.,Closed with non-monetary relief,company calls me three to six times a day even after telling them i can not make payments due to lose of work over xxxx  i admitted that i may not be able to make payment arrangements and may have to file for bankruptcy  i still get called three to six times a day from xxxx to xxxx,282,58,122
09-03-2021,Debt collection,Written notification about debt,"National Credit Adjusters has violated my consumer rights according to the Fair Credit Reporting Act. They have failed to respond to my request for verification. I have given them more than reasonable time to investigate my dispute. 

I wrote four letters on XX/XX/XXXX, XX/XX/XXXX, XX/XX/XXXX, XX/XX/XXXX, but still reported this debt that I have no responsibility for on my credit.",Closed with explanation,national credit adjusters has violated my consumer rights according to the fair credit reporting act  they have failed to respond to my request for verification  i have given them more than reasonable time to investigate my dispute  i wrote four letters on xx xx xxxx  xx xx xxxx  xx xx xxxx  xx xx xxxx  but still reported this debt that i have no responsibility for on my credit,380,68,123
24-02-2022,Debt collection,Attempts to collect debt not owed,"Per tracking, Its been XXXX months. No information given. Accounts unknown. Ignored investigation. Violates 15 USC 1692efg and 1681a never authorized or given permission for accounts report. On Copy, XXXX, Attorney General and FTC",Closed with explanation,per tracking  its been xxxx months  no information given  accounts unknown  ignored investigation  violates 15 usc 1692efg and 1681a never authorized or given permission for accounts report  on copy  xxxx  attorney general and ftc,230,34,124
26-03-2024,Credit reporting or other personal consumer reports,Improper use of your report,"I am sending this correspondence to address significant concerns regarding the accuracy of my credit report Your failure to positively verify these accounts has hurt my ability to obtain credit. Under the FCRA, unverifiable accounts must be removed and if you are unable to provide me a copy of verifiable proof, you must delete immediately the account accounts listed below.

Pursuant to the FCRA, a consumer report does not include any report containing information solely about transactions or experiences between the consumer and the person making the report. Any reporting of late payments or derogatory statuses is a direct violation of 15 USC 1681a ( d ) ( 1 ) as that information pertains to experiences any continuation of providing negative information required by section FCRA 605B ( 15 U.S.C. 1681c-2 ) a copy of which is enclosed which states that this information must be removed within four business days of receipt, I am requesting that the adverse information on the items be removed to correct my credit report.

Please investigate these matters and remove the disputed items as soon as possible.",Closed with explanation,i am sending this correspondence to address significant concerns regarding the accuracy of my credit report your failure to positively verify these accounts has hurt my ability to obtain credit  under the fcra  unverifiable accounts must be removed and if you are unable to provide me a copy of verifiable proof  you must delete immediately the account accounts listed below  pursuant to the fcra  a consumer report does not include any report containing information solely about transactions or experiences between the consumer and the person making the report  any reporting of late payments or derogatory statuses is a direct violation of 15 usc 1681a   d     1   as that information pertains to experiences any continuation of providing negative information required by section fcra 605b   15 u s c  1681c 2   a copy of which is enclosed which states that this information must be removed within four business days of receipt  i am requesting that the adverse information on the items be removed to correct my credit report  please investigate these matters and remove the disputed items as soon as possible,1111,179,125
02-12-2022,"Credit reporting, credit repair services, or other personal consumer reports",Problem with a credit reporting company's investigation into an existing problem,"The unverified accounts indicated below continue reporting on my credit report despite several written requests, in violation of federal law. I dated the previous letter sent to the 3 credit bureaus on XX/XX/2022, but I never received a response. Sections 609 ( a ) ( 1 ) ( A ) and 611 ( a ) ( 1 ) require these accounts to be authenticated ( A ). I will take legal action against you if you do not validate these accounts. Please follow the law so that this situation can be settled quickly. 
XXXX XXXX XXXX XXXX XXXX XXXX XXXX XXXX XXXX XXXX XXXX XXXX XXXX XXXX XXXX XXXX XXXX XXXX XXXX XXXX XXXX XXXX XXXX XXXX XXXX XXXX XXXX",Closed with explanation,the unverified accounts indicated below continue reporting on my credit report despite several written requests  in violation of federal law  i dated the previous letter sent to the 3 credit bureaus on xx xx 2022  but i never received a response  sections 609   a     1     a   and 611   a     1   require these accounts to be authenticated   a    i will take legal action against you if you do not validate these accounts  please follow the law so that this situation can be settled quickly  xxxx xxxx xxxx xxxx xxxx xxxx xxxx xxxx xxxx xxxx xxxx xxxx xxxx xxxx xxxx xxxx xxxx xxxx xxxx xxxx xxxx xxxx xxxx xxxx xxxx xxxx xxxx,627,110,126
24-05-2025,Debt collection,Communication tactics,"On XX/XX/year>, I sent a certified letter to CREDIT COLLECTION SERVICES requesting documentation related to my account. Specifically, I asked for the original account number, the date the account was opened, a payment history ledger, the date of the last payment, and any documents that bore my handwritten signature. This account is currently Placed for collection. Additionally, I requested a response within thirty days of sending the letter. However, I have yet to receive a written response from this creditor validating the debt.",Closed with explanation,on xx xx year   i sent a certified letter to credit collection services requesting documentation related to my account  specifically  i asked for the original account number  the date the account was opened  a payment history ledger  the date of the last payment  and any documents that bore my handwritten signature  this account is currently placed for collection  additionally  i requested a response within thirty days of sending the letter  however  i have yet to receive a written response from this creditor validating the debt,534,85,127
23-11-2019,Credit card or prepaid card,"Other features, terms, or problems","I submitted an inquiry with Chase for my Marriott credit card. They continue to decline a transaction my gym is attempting to pull. I have a large credit limit and always pay my bill in time. Quite frankly I am disgusted with their customer service. My first inquiry was submitted on XX/XX/XXXX, they acknowledge and then forwarded on to another department informing me I would hear back in 3 business days. They never responded, I had to follow up on XX/XX/XXXX. After my follow up they sent me another email that stated they would respond within three business days. They completely blew off my request and havent addressed anything. I then responded with a request to escalate and requested a response from a supervisor. I also repeated my request to resolve the concern. They then responded and said they were researching and would respond in one business day, they did not. They also never addressed my request to escalate. Then, yeSterday, they sent me an email that said they posted a letter and closed my inquiry. Chase closed it because they didnt have enough information but they NEVER even asked me for additional information. Now, I have to start over with an incompetent customer service. I am highly disappointed in their service, I still have an outstanding issue and will now need to spend an additional god knows how long to resolve the issue meanwhile likely having to incur double charges because of their incompetence. Please escalate or add to their overall concerns of Chases ability to service their customers and resolve anyones concerns.",Closed with explanation,i submitted an inquiry with chase for my marriott credit card  they continue to decline a transaction my gym is attempting to pull  i have a large credit limit and always pay my bill in time  quite frankly i am disgusted with their customer service  my first inquiry was submitted on xx xx xxxx  they acknowledge and then forwarded on to another department informing me i would hear back in 3 business days  they never responded  i had to follow up on xx xx xxxx  after my follow up they sent me another email that stated they would respond within three business days  they completely blew off my request and havent addressed anything  i then responded with a request to escalate and requested a response from a supervisor  i also repeated my request to resolve the concern  they then responded and said they were researching and would respond in one business day  they did not  they also never addressed my request to escalate  then  yesterday  they sent me an email that said they posted a letter and closed my inquiry  chase closed it because they didnt have enough information but they never even asked me for additional information  now  i have to start over with an incompetent customer service  i am highly disappointed in their service  i still have an outstanding issue and will now need to spend an additional god knows how long to resolve the issue meanwhile likely having to incur double charges because of their incompetence  please escalate or add to their overall concerns of chases ability to service their customers and resolve anyones concerns,1561,268,128
22-04-2025,Credit reporting or other personal consumer reports,Incorrect information on your report,"The credit reporting agencies stated that these accounts were properly investigated and came back as verified. However, how is this true when there are several inaccuracies showing on my report? 

As a consumer, I request to know all the steps your agency took to insure these items were 100 % accurate under 15 U.S.C. 1681i ( 7 ) Method of verification- Description of reinvestigation procedure",Closed with non-monetary relief,the credit reporting agencies stated that these accounts were properly investigated and came back as verified  however  how is this true when there are several inaccuracies showing on my report  as a consumer  i request to know all the steps your agency took to insure these items were 100   accurate under 15 u s c  1681i   7   method of verification  description of reinvestigation procedure,393,64,129
19-11-2024,Credit card,Problem when making payments,"Dear Macys/CBNA, I am writing regarding the late payments reported on my credit report for XX/XX/XXXX and XXXX through XX/XX/XXXX. Upon reviewing my records, I am uncertain how these occurred. I believe I made my payments when I received my statements, and any delay may have been due to not receiving my statements or a processing issue where payments were not applied quickly enough. 

During the XXXX XXXX timeframe, I was XXXX XXXX XXXX XXXX XXXX XXXX XXXX XXXX XXXX during the XXXX XXXX. This extraordinary circumstance left me unable to fully manage my financial obligations. These late payments now stand as the only negative marks on my otherwise solid credit history and are significantly impacting my ability to close on a home. 

I kindly request, in light of our good-standing relationship and my history of timely payments, that you remove these 30/60-day late payments from my credit report and refund any late fees associated with these occurrences. 

Additionally, I believe this reporting may violate the Fair Credit Billing Act ( FCBA, 15 U.S.C. 1666b ) and the Fair Credit Reporting Act ( FCRA, 15 U.S.C. 1681i ), as the delays may have resulted from billing issues or errors. I trust you share my commitment to accurate and fair reporting, and I ask for your cooperation in rectifying this matter. 

Your prompt attention to this issue would be greatly appreciated, and I hope we can resolve this amicably. Thank you for your understanding and assistance.",Closed with non-monetary relief,dear macys cbna  i am writing regarding the late payments reported on my credit report for xx xx xxxx and xxxx through xx xx xxxx  upon reviewing my records  i am uncertain how these occurred  i believe i made my payments when i received my statements  and any delay may have been due to not receiving my statements or a processing issue where payments were not applied quickly enough  during the xxxx xxxx timeframe  i was xxxx xxxx xxxx xxxx xxxx xxxx xxxx xxxx xxxx during the xxxx xxxx  this extraordinary circumstance left me unable to fully manage my financial obligations  these late payments now stand as the only negative marks on my otherwise solid credit history and are significantly impacting my ability to close on a home  i kindly request  in light of our good standing relationship and my history of timely payments  that you remove these 30 60 day late payments from my credit report and refund any late fees associated with these occurrences  additionally  i believe this reporting may violate the fair credit billing act   fcba  15 u s c  1666b   and the fair credit reporting act   fcra  15 u s c  1681i    as the delays may have resulted from billing issues or errors  i trust you share my commitment to accurate and fair reporting  and i ask for your cooperation in rectifying this matter  your prompt attention to this issue would be greatly appreciated  and i hope we can resolve this amicably  thank you for your understanding and assistance,1466,253,130
22-06-2022,Credit card or prepaid card,Incorrect information on your report,"A number from XXXX, TN. called and said I was being subpoenaed. I had to call an XXXX number with a case number to find out what it was about. They pulled up a file saying I owed {$4000.00} from a credit card I opened in XXXX. I supposedly stopped paying XXXX. I never had credit cards during that time. I called to verify my credit to be sure I really didnt owe anything. It was confirmed this is NOT on my credit report. This is a scam! The bank reported I owed to HSBC which is a bank over seas.",Closed with explanation,a number from xxxx  tn  called and said i was being subpoenaed  i had to call an xxxx number with a case number to find out what it was about  they pulled up a file saying i owed   4000 00  from a credit card i opened in xxxx  i supposedly stopped paying xxxx  i never had credit cards during that time  i called to verify my credit to be sure i really didnt owe anything  it was confirmed this is not on my credit report  this is a scam  the bank reported i owed to hsbc which is a bank over seas,497,102,131
06-02-2025,Debt collection,Attempts to collect debt not owed,"After repeated attempts to remove this item from my credit, I reached out to the HR department requesting that SUNRISE CREDIT SERVICES INC remove all accounts associated with my information. After follow proper procedures with asking them to provide payment history, hard core proof of signature, or anything significantly linking me to the accounts accused of. As per FDCPA and provisions in 15 USC192 and 15 USC 1666B along with sensitive information being exposed due recent data breach, we are requesting the immediate removal of all accounts linked to me.",Closed with explanation,after repeated attempts to remove this item from my credit  i reached out to the hr department requesting that sunrise credit services inc remove all accounts associated with my information  after follow proper procedures with asking them to provide payment history  hard core proof of signature  or anything significantly linking me to the accounts accused of  as per fdcpa and provisions in 15 usc192 and 15 usc 1666b along with sensitive information being exposed due recent data breach  we are requesting the immediate removal of all accounts linked to me,559,90,132
29-08-2023,Credit reporting or other personal consumer reports,Improper use of your report,"In accordance with the Fair Credit Reporting act XXXX XXXX XXXX, XXXX Account # XXXX, has violated my rights. 

15 U.S.C 1681 section 602 A. States I have the right to privacy.

15 U.S.C 1681 Section 604 A Section 2 : It also states a consumer reporting agency can not furnish an account without my written instructions.",Closed with non-monetary relief,in accordance with the fair credit reporting act xxxx xxxx xxxx  xxxx account   xxxx  has violated my rights  15 u s c 1681 section 602 a  states i have the right to privacy  15 u s c 1681 section 604 a section 2   it also states a consumer reporting agency can not furnish an account without my written instructions,316,59,133
09-01-2025,Credit reporting or other personal consumer reports,Incorrect information on your report,"I recently found that there are several fraudulent items on my credit report that don't belong to me. I do not have a record of doing business with these companies. I am a victim of identity theft. The information attached below, which appears on my credit report, does not relate to any transaction ( s ) that I have made. It is the result of identity theft. I am the primary consumer of the complaint and there is no third party involved. This complaint was not submitted in error. Attached you will also find my ID as proofofmyidentity, my Proof of Address, and my SSN Card.",Closed with explanation,i recently found that there are several fraudulent items on my credit report that don t belong to me  i do not have a record of doing business with these companies  i am a victim of identity theft  the information attached below  which appears on my credit report  does not relate to any transaction   s   that i have made  it is the result of identity theft  i am the primary consumer of the complaint and there is no third party involved  this complaint was not submitted in error  attached you will also find my id as proofofmyidentity  my proof of address  and my ssn card,576,105,134
09-01-2020,Credit card or prepaid card,Problem with a purchase shown on your statement,"I purchased a microwave from home depot using the home depot credit card from citibank. The microwave was too big and we returned it. Home Depot said you can only return appliances for two days, afterwards they don't have to accept returns. I was told by the salesperson we had two days for returns if it was damaged. They got approval for the return but said that I had to pay a restocking fee, if I didn't they wouldn't accept it. They processed the return and gave me a credit of {$240.00} and had me sign for the transaction. They ran a {$37.00} fee through but never asked me to sign for it. I called Citibank and filed a dispute. I received a letter from Citibank a few days later saying since I was credited {$200.00} the matter was resolved. I called again and explained I was disputing the {$37.00} and was transferred to disputes and XXXX told me that Home Depot has the right to charge the fee. I asked why and XXXX said it was store policy. I asked to see the policy and XXXX said I would have to talk to Home Depot. I asked if they didn't have the policy how could they accept it and end my dispute. XXXX asked me if I wanted to escalate the matter to corporate, I accepted and she transferred me to Home Depot 's XXXX number. The operator told me that XXXX always did this to disputes. I assume XXXX does it to get people to quit fighting.",Closed with monetary relief,i purchased a microwave from home depot using the home depot credit card from citibank  the microwave was too big and we returned it  home depot said you can only return appliances for two days  afterwards they don t have to accept returns  i was told by the salesperson we had two days for returns if it was damaged  they got approval for the return but said that i had to pay a restocking fee  if i didn t they wouldn t accept it  they processed the return and gave me a credit of   240 00  and had me sign for the transaction  they ran a   37 00  fee through but never asked me to sign for it  i called citibank and filed a dispute  i received a letter from citibank a few days later saying since i was credited   200 00  the matter was resolved  i called again and explained i was disputing the   37 00  and was transferred to disputes and xxxx told me that home depot has the right to charge the fee  i asked why and xxxx said it was store policy  i asked to see the policy and xxxx said i would have to talk to home depot  i asked if they didn t have the policy how could they accept it and end my dispute  xxxx asked me if i wanted to escalate the matter to corporate  i accepted and she transferred me to home depot  s xxxx number  the operator told me that xxxx always did this to disputes  i assume xxxx does it to get people to quit fighting,1352,267,135
02-05-2023,"Credit reporting, credit repair services, or other personal consumer reports",Problem with a credit reporting company's investigation into an existing problem,"I appreciate your taking the time to FIX some of the erroneous items in my credit file ; however, there are still many items that need to be FIXED. The credit bureaus must verify these items under Sections 609 ( a ) ( 1 ) ( A ) and 611 ( a ) ( 1 ). ( A ). I'm hoping that these disputed items be UPDATED immediately. 

XXXX XXXX XXXX XXXX XXXX XXXX XXXX XXXX XXXX XXXX XXXX XXXX XXXX XXXX XXXX XXXX XXXX XXXX XXXX XXXX XXXX XXXX XXXX XXXX XXXX XXXX XXXX XXXX XXXX XXXX XXXX XXXX XXXX XXXX XXXX XXXX XXXX XXXX XXXX XXXX XXXX XXXX XXXX XXXX XXXX XXXX XXXX XXXX XXXX XXXX XXXX XXXX XXXX XXXX XXXX XXXX XXXX XXXX XXXX XXXX XXXX XXXX XXXX XXXX XXXX XXXX XXXX XXXX XXXX XXXX XXXX XXXX XXXX XXXX XXXX XXXX XXXX XXXX XXXX XXXX XXXX XXXX XXXX XXXX XXXX XXXX XXXX XXXX XXXX XXXX XXXX XXXX XXXX XXXX XXXX XXXX XXXX XXXX XXXX XXXX XXXX XXXX XXXX XXXX XXXXXXXX",Closed with explanation,i appreciate your taking the time to fix some of the erroneous items in my credit file   however  there are still many items that need to be fixed  the credit bureaus must verify these items under sections 609   a     1     a   and 611   a     1      a    i m hoping that these disputed items be updated immediately  xxxx xxxx xxxx xxxx xxxx xxxx xxxx xxxx xxxx xxxx xxxx xxxx xxxx xxxx xxxx xxxx xxxx xxxx xxxx xxxx xxxx xxxx xxxx xxxx xxxx xxxx xxxx xxxx xxxx xxxx xxxx xxxx xxxx xxxx xxxx xxxx xxxx xxxx xxxx xxxx xxxx xxxx xxxx xxxx xxxx xxxx xxxx xxxx xxxx xxxx xxxx xxxx xxxx xxxx xxxx xxxx xxxx xxxx xxxx xxxx xxxx xxxx xxxx xxxx xxxx xxxx xxxx xxxx xxxx xxxx xxxx xxxx xxxx xxxx xxxx xxxx xxxx xxxx xxxx xxxx xxxx xxxx xxxx xxxx xxxx xxxx xxxx xxxx xxxx xxxx xxxx xxxx xxxx xxxx xxxx xxxx xxxx xxxx xxxx xxxx xxxx xxxx xxxx xxxx xxxxxxxx,845,161,136
22-06-2022,"Credit reporting, credit repair services, or other personal consumer reports",Problem with a credit reporting company's investigation into an existing problem,""" My name is XXXX XXXX, I have noticed many incorrect and unauthorized items appeared in my report. So, I am requesting that you delete all the following ACCOUNTS and INQUIRIES from my credit report immediately. 
""",Closed with non-monetary relief,my name is xxxx xxxx  i have noticed many incorrect and unauthorized items appeared in my report  so  i am requesting that you delete all the following accounts and inquiries from my credit report immediately,208,35,137
18-09-2023,Credit reporting or other personal consumer reports,Incorrect information on your report,"Early Warning Services , LLC is showing 3 fraudulent XXXX accounts that are not mine. I have already gone to each of the banks and made seperate complaints to have these accounts zero out, and removed. 

XXXX XXXXXXXX XXXX XXXX XXXX XXXX XXXX XXXX XXXX XXXX XXXX XXXX XXXX XXXX XXXX XXXX",Closed with explanation,early warning services   llc is showing 3 fraudulent xxxx accounts that are not mine  i have already gone to each of the banks and made seperate complaints to have these accounts zero out  and removed  xxxx xxxxxxxx xxxx xxxx xxxx xxxx xxxx xxxx xxxx xxxx xxxx xxxx xxxx xxxx xxxx xxxx,285,51,138
09-12-2025,Credit reporting or other personal consumer reports,Incorrect information on your report,"Dear Sir/Madam, I am writing to dispute the following accounts listed on my credit report. I have identified discrepancies that need to be addressed to ensure the accuracy of my credit file. Below are the details of the disputed accounts, separated by each bureau. 

Charged Off Accounts : XXXX XXXX XXXX XXXX XXXX XXXX XXXX XXXX XXXX XXXX XXXX XXXX XXXX XXXX XXXX XXXX XXXX XXXX XXXX XXXX XXXX XXXX XXXX XXXX XXXX XXXX XXXX",Closed with non-monetary relief,dear sir madam  i am writing to dispute the following accounts listed on my credit report  i have identified discrepancies that need to be addressed to ensure the accuracy of my credit file  below are the details of the disputed accounts  separated by each bureau  charged off accounts   xxxx xxxx xxxx xxxx xxxx xxxx xxxx xxxx xxxx xxxx xxxx xxxx xxxx xxxx xxxx xxxx xxxx xxxx xxxx xxxx xxxx xxxx xxxx xxxx xxxx xxxx xxxx,422,75,139
02-04-2025,Debt collection,Attempts to collect debt not owed,"This company called me a few months ago telling me that I have an outstanding debt with them. I asked for a validation of the debt and a signed contract in my name. They never sent me anything and they continue calling and making harassing calls. 

SUNRISE CREDIT SERVICE. ACCOUNT # XXXX XXXX XXXX XXXX XXXX Opened : XX/XX/year> Balance : {$280.00} I wan na take this account of my credit report from XXXX XXXX XXXX XXXX",Closed with explanation,this company called me a few months ago telling me that i have an outstanding debt with them  i asked for a validation of the debt and a signed contract in my name  they never sent me anything and they continue calling and making harassing calls  sunrise credit service  account   xxxx xxxx xxxx xxxx xxxx opened   xx xx year  balance     280 00  i wan na take this account of my credit report from xxxx xxxx xxxx xxxx,418,77,140
25-08-2021,"Credit reporting, credit repair services, or other personal consumer reports",Problem with a credit reporting company's investigation into an existing problem,"The latest credit report I checked still shows that this account is being reported inaccurately and incorrectly, despite that I sent previous dispute letters to your agency. This account is being reported reflecting multiple "" violation '' statements. I don't believe the status of this account is accurate.",Closed with explanation,the latest credit report i checked still shows that this account is being reported inaccurately and incorrectly  despite that i sent previous dispute letters to your agency  this account is being reported reflecting multiple   violation    statements  i don t believe the status of this account is accurate,306,47,141
05-03-2025,Credit reporting or other personal consumer reports,Problem with a company's investigation into an existing problem,I had identity theft student loans and a lot of other credit accounts was attitude my credit report I have attempted to remove them several times with the credit company Equifax TransUnion and Experian it has brought my credit score down brought me lots of hardship unable to apply and live my life they have cost lots of money can somebody please remove the student loans and negative accounts I have four Department of Education Loans that are not mine,Closed with explanation,i had identity theft student loans and a lot of other credit accounts was attitude my credit report i have attempted to remove them several times with the credit company equifax transunion and experian it has brought my credit score down brought me lots of hardship unable to apply and live my life they have cost lots of money can somebody please remove the student loans and negative accounts i have four department of education loans that are not mine,454,80,142
26-06-2024,Credit reporting or other personal consumer reports,Problem with a company's investigation into an existing problem,"My account with XXXX XXXX XXXX XXXX XXXX XXXX was never late! I have had exceptional payment history with XXXX XXXX XXXX XXXX XXXX XXXX and all payments were placed on Autopay. This late payment that is reporting is a result on a systematic error on their end processing my payment. 

This was clearly a billing error made the company and is not a reflection of my payment experience which violates USC Code 1681eb. This error has caused severe hard to my reputation, my character, my mode of living and to my family!

I demand the late payment reported in months that are reported late to be removed.

They are not in compliance with the following law. 15 USC 1666b and its requirements set the standards and the guidance for a creditor to treat a payment as late, yet they are reporting a payment as late and they did not comply with the law!

15 USC 1666b ( a ) Time to make payments A creditor may not treat a payment on a credit card account under an open-end consumer credit plan as late for any purpose, unless the creditor has adopted reasonable procedures designed to ensure that each periodic statement including the information required by section 1637 ( b ) of this title is mailed or delivered to the consumer not later than 21 days before the payment due date. 


XXXX XXXX XXXX, XXXX XXXX XXXX Never Sent the periodic statement along with the disclosures from section 1637 ( b ).

I have requested proof that this information was mailed or delivered 21 days before the payment due date and this information was requested in good faith pursuant rule 1002 and It was never provided.

This is unfair, illegal, fraudulent, and not equitable to me as a consumer! 

Delete the late payments from my consumer reports",Closed with explanation,my account with xxxx xxxx xxxx xxxx xxxx xxxx was never late  i have had exceptional payment history with xxxx xxxx xxxx xxxx xxxx xxxx and all payments were placed on autopay  this late payment that is reporting is a result on a systematic error on their end processing my payment  this was clearly a billing error made the company and is not a reflection of my payment experience which violates usc code 1681eb  this error has caused severe hard to my reputation  my character  my mode of living and to my family  i demand the late payment reported in months that are reported late to be removed  they are not in compliance with the following law  15 usc 1666b and its requirements set the standards and the guidance for a creditor to treat a payment as late  yet they are reporting a payment as late and they did not comply with the law  15 usc 1666b   a   time to make payments a creditor may not treat a payment on a credit card account under an open end consumer credit plan as late for any purpose  unless the creditor has adopted reasonable procedures designed to ensure that each periodic statement including the information required by section 1637   b   of this title is mailed or delivered to the consumer not later than 21 days before the payment due date  xxxx xxxx xxxx  xxxx xxxx xxxx never sent the periodic statement along with the disclosures from section 1637   b    i have requested proof that this information was mailed or delivered 21 days before the payment due date and this information was requested in good faith pursuant rule 1002 and it was never provided  this is unfair  illegal  fraudulent  and not equitable to me as a consumer  delete the late payments from my consumer reports,1712,302,143
14-07-2024,Checking or savings account,Managing an account,"I used the XXXX plug in on the capital one app to purchase a car on XX/XX/2024 for XXXX dollars. Never received the car. Disputed it with capital one, they denied it citing XXXX terms and services. Told me to contact zelle for more details. I did. XXXX couldnt even access the transaction because it was through my financial institute not directly through them. Said they dont have access to my banking info. Told me because I paid for an item I never received, my bank would have some kind of purchase protection and to call my financial institution back and dispute it as item never received. I did. Claim was denied again. I reopened it after filling a police report. After being advised this was an unauthorized transaction since the person I was doing business with IS NOT the person the money was sent to. I do not know, nor have ever spoken to XXXX XXXX ( the recipient ). I was doing business with a man named XXXX XXXX. Provided details of report including detectives name and number. Claim still denied still citing zelle. I just got off the phone with XXXX and they just told me the same thing again contact capital one and the transaction was not directly through their app",Closed with explanation,i used the xxxx plug in on the capital one app to purchase a car on xx xx 2024 for xxxx dollars  never received the car  disputed it with capital one  they denied it citing xxxx terms and services  told me to contact zelle for more details  i did  xxxx couldnt even access the transaction because it was through my financial institute not directly through them  said they dont have access to my banking info  told me because i paid for an item i never received  my bank would have some kind of purchase protection and to call my financial institution back and dispute it as item never received  i did  claim was denied again  i reopened it after filling a police report  after being advised this was an unauthorized transaction since the person i was doing business with is not the person the money was sent to  i do not know  nor have ever spoken to xxxx xxxx   the recipient    i was doing business with a man named xxxx xxxx  provided details of report including detectives name and number  claim still denied still citing zelle  i just got off the phone with xxxx and they just told me the same thing again contact capital one and the transaction was not directly through their app,1185,215,144
25-07-2019,Debt collection,Attempts to collect debt not owed,I received a credit alert about a debt collection agency that i am not aware of. i lost my social security last year and so far so good i just got a new one. i don't have any idea of this phone bill and i never used XXXX   before. please help me investigate into this matter.,Closed with explanation,i received a credit alert about a debt collection agency that i am not aware of  i lost my social security last year and so far so good i just got a new one  i don t have any idea of this phone bill and i never used xxxx before  please help me investigate into this matter,272,57,145
26-10-2020,"Credit reporting, credit repair services, or other personal consumer reports",Incorrect information on your report,"Ive been going over my credit report and I saw some incorrect accounts that were on there. 
I do not ever remember applying for credit with your company, so I would like to know what permissible business purpose you had for pulling my credit? 
My credit score is really being affected and its getting in the way of my financial ventures because of this. I want to dispute these account until I get to the bottom of this.",Closed with explanation,ive been going over my credit report and i saw some incorrect accounts that were on there  i do not ever remember applying for credit with your company  so i would like to know what permissible business purpose you had for pulling my credit  my credit score is really being affected and its getting in the way of my financial ventures because of this  i want to dispute these account until i get to the bottom of this,417,78,146
13-09-2022,"Credit reporting, credit repair services, or other personal consumer reports",Incorrect information on your report,"This is not a duplicate nor is this complaint filed by a third party. I am filing this complaint myself. Please see this complaint is processed to the letter of the law. It has been brought to my attention that you are not blocking files when theyre sent with an FTC fraud report. Since it is a requirement by law 605b of the FCRA Im sending this letter certified mail to help establish a legal recourse. If you choose to not block the items listed below which are reporting inaccurately due to identity theft, I will be handing my documents over to my attorney to start a legal action. Its my intention to not pursue any legal action so please adhere to the law. Please remove/block the accounts as they are fraudulent & were opened without my consent or knowledge. 

XXXX XXXX XXXXDate Opened : XX/XX/XXXX Balance : {$10000.00}, XXXX XXXX XXXX Date Opened : XX/XX/XXXX Balance : {$21000.00}",Closed with non-monetary relief,this is not a duplicate nor is this complaint filed by a third party  i am filing this complaint myself  please see this complaint is processed to the letter of the law  it has been brought to my attention that you are not blocking files when theyre sent with an ftc fraud report  since it is a requirement by law 605b of the fcra im sending this letter certified mail to help establish a legal recourse  if you choose to not block the items listed below which are reporting inaccurately due to identity theft  i will be handing my documents over to my attorney to start a legal action  its my intention to not pursue any legal action so please adhere to the law  please remove block the accounts as they are fraudulent   were opened without my consent or knowledge  xxxx xxxx xxxxdate opened   xx xx xxxx balance     10000 00   xxxx xxxx xxxx date opened   xx xx xxxx balance     21000 00,889,161,147
18-01-2024,"Payday loan, title loan, personal loan, or advance loan",Struggling to pay your loan,I took out a loan with spotloan on XX/XX/XXXX the loan was for {$800.00} and the payments were bi weekly for {$140.00} in total I was able to make 8 payments. I reached out to do a payment plan of 10 bi weekly payments of {$90.00}. In total I was able to make 4 out of 10 payments. I am struggling to make ends meet I am so XXXX XXXX fixed income and I am barely making it I have bills and utilities that I pay monthly and it is causing me to be very tigh with finances and I would like to settle the account for the payments I have made towards this loan and close the account and have the debt forgiven.,Closed with explanation,i took out a loan with spotloan on xx xx xxxx the loan was for   800 00  and the payments were bi weekly for   140 00  in total i was able to make 8 payments  i reached out to do a payment plan of 10 bi weekly payments of   90 00   in total i was able to make 4 out of 10 payments  i am struggling to make ends meet i am so xxxx xxxx fixed income and i am barely making it i have bills and utilities that i pay monthly and it is causing me to be very tigh with finances and i would like to settle the account for the payments i have made towards this loan and close the account and have the debt forgiven,604,129,148
10-12-2023,Debt collection,Attempts to collect debt not owed,This account was opened while I was XXXX. I didnt open or authorize this lease,Closed with explanation,this account was opened while i was xxxx  i didnt open or authorize this lease,78,15,149
18-06-2018,Credit card or prepaid card,Problem when making payments,"i have been trying to pay this bill for 3-4 months now, every time i've tried to make a payment it has been returned, or the tried to process it multiple times resulting in over drafting my checking account. i've contacted the company by phone and email and they haven't helped me to fix this problem. i had to close my checking account because they kept trying to process a payment that i didn't authorize, which was continually over drafting my account and causing me to have to pay over draft fees.",Closed with explanation,i have been trying to pay this bill for 3 4 months now  every time i ve tried to make a payment it has been returned  or the tried to process it multiple times resulting in over drafting my checking account  i ve contacted the company by phone and email and they haven t helped me to fix this problem  i had to close my checking account because they kept trying to process a payment that i didn t authorize  which was continually over drafting my account and causing me to have to pay over draft fees,500,97,150
20-02-2024,Credit reporting or other personal consumer reports,Problem with a company's investigation into an existing problem,"Subjet : Removal of disputed accounts On XX/XX/1023, I noticed some inaccurate information on my Transunion Credit Report. I made disputes on Transunion online portal and I sent in the proper identification and documentations for Transunion to remove the accounts. I requested a copy of the method of verification process four separate times since XX/XX/2023 and Transunion never produced any documentation of the XXXX separate processes. According to the FCRA law, whenever a consumer reporting agency prepares a consumer report, it shall follow reasonable procedures to ensure maximum possible accuracy of the information concerning the individual about who the report relates. 15 USC1681s-2 states, a person shall not furnish any information relating to a consumer to any consumer reporting agency if the person knows or has reasonable cause to believe that the information is inaccurate. Please note that I am aware of rights under the FCRA, and I am prepared to take appropriate legal action to protect my rights as necessary. It's been way over the time frame allowed under the FCRA law.I expect to hear from Transunion in 15 days of receiving this letter. 
Sincerely, XXXX XXXX",Closed with non-monetary relief,subjet   removal of disputed accounts on xx xx 1023  i noticed some inaccurate information on my transunion credit report  i made disputes on transunion online portal and i sent in the proper identification and documentations for transunion to remove the accounts  i requested a copy of the method of verification process four separate times since xx xx 2023 and transunion never produced any documentation of the xxxx separate processes  according to the fcra law  whenever a consumer reporting agency prepares a consumer report  it shall follow reasonable procedures to ensure maximum possible accuracy of the information concerning the individual about who the report relates  15 usc1681s 2 states  a person shall not furnish any information relating to a consumer to any consumer reporting agency if the person knows or has reasonable cause to believe that the information is inaccurate  please note that i am aware of rights under the fcra  and i am prepared to take appropriate legal action to protect my rights as necessary  it s been way over the time frame allowed under the fcra law i expect to hear from transunion in 15 days of receiving this letter  sincerely  xxxx xxxx,1183,194,151
12-02-2025,Checking or savings account,Closing an account,On my capital one app it shows a charged off account. It's several years old XXXX+ to be exact. Tried to have it removed bit no solution. This needs to be fully closed off and removed from the dashboard for active accounts.,Closed with non-monetary relief,on my capital one app it shows a charged off account  it s several years old xxxx  to be exact  tried to have it removed bit no solution  this needs to be fully closed off and removed from the dashboard for active accounts,222,43,152
09-07-2024,Credit reporting or other personal consumer reports,Problem with a company's investigation into an existing problem,"My account with XXXX, XXXX XXXX XXXX was never late! I have had exceptional payment history with XXXX XXXX XXXX XXXX and all payments were placed on Autopay. This late payment that is reporting is a result on a systematic error on their end processing my payment. 
This was clearly a billing error made the company and is not a reflection of my payment experience which violates USC Code 1681eb. This error has caused severe hard to my reputation, my character, my mode of living and to my family! 
I demand the late payment reported in months that are reported late to be removed. 
They are not in compliance with the following law. 15 USC 1666b and its requirements set the standards and the guidance for a creditor to treat a payment as late, yet they are reporting a payment as late and they did not comply with the law! 
15 USC 1666b ( a ) Time to make payments A creditor may not treat a payment on a credit card account under an open-end consumer credit plan as late for any purpose, unless the creditor has adopted reasonable procedures designed to ensure that each periodic statement including the information required by section 1637 ( b ) of this title is mailed or delivered to the consumer not later than 21 days before the payment due date. 
XXXX, XXXX XXXX XXXX  Never Sent the periodic statement along with the disclosures from section 1637 ( b ).

I have requested proof that this information was mailed or delivered 21 days before the payment due date and this information was requested in good faith pursuant rule 1002 and It was never provided.

This is unfair, illegal, fraudulent, and not equitable to me as a consumer! 
Delete the late payments from my consumer reports",Closed with non-monetary relief,my account with xxxx  xxxx xxxx xxxx was never late  i have had exceptional payment history with xxxx xxxx xxxx xxxx and all payments were placed on autopay  this late payment that is reporting is a result on a systematic error on their end processing my payment  this was clearly a billing error made the company and is not a reflection of my payment experience which violates usc code 1681eb  this error has caused severe hard to my reputation  my character  my mode of living and to my family  i demand the late payment reported in months that are reported late to be removed  they are not in compliance with the following law  15 usc 1666b and its requirements set the standards and the guidance for a creditor to treat a payment as late  yet they are reporting a payment as late and they did not comply with the law  15 usc 1666b   a   time to make payments a creditor may not treat a payment on a credit card account under an open end consumer credit plan as late for any purpose  unless the creditor has adopted reasonable procedures designed to ensure that each periodic statement including the information required by section 1637   b   of this title is mailed or delivered to the consumer not later than 21 days before the payment due date  xxxx  xxxx xxxx xxxx never sent the periodic statement along with the disclosures from section 1637   b    i have requested proof that this information was mailed or delivered 21 days before the payment due date and this information was requested in good faith pursuant rule 1002 and it was never provided  this is unfair  illegal  fraudulent  and not equitable to me as a consumer  delete the late payments from my consumer reports,1683,296,153
29-02-2024,Credit reporting or other personal consumer reports,Incorrect information on your report,I have no knowledge of this account. This is not my account!!,Closed with non-monetary relief,i have no knowledge of this account  this is not my account,59,12,154
23-08-2021,Debt collection,Attempts to collect debt not owed,"The particular account position that is recently filing on this credit document has a seriously unfavorable impact on my capacity to attain guarantee on the latest loan request, be sure to present facts that this is being reported efficiently as per the Fair Credit Reporting Act regulations. I have done many attempts to reach out to XXXX and XXXX Credit Bureaus but they failed to give me any results or feedbacks about this concern. Please investigate and remove it from my personal credit file. Thank you.",Closed with explanation,the particular account position that is recently filing on this credit document has a seriously unfavorable impact on my capacity to attain guarantee on the latest loan request  be sure to present facts that this is being reported efficiently as per the fair credit reporting act regulations  i have done many attempts to reach out to xxxx and xxxx credit bureaus but they failed to give me any results or feedbacks about this concern  please investigate and remove it from my personal credit file  thank you,508,86,155
07-09-2023,Credit reporting or other personal consumer reports,Incorrect information on your report,"It has been drawn out into the open that you are not hindering records when I sent a copy of the FTC report. Since it is a necessity by regulation 605b of the FCRA I'm sending this Complaint to assist with laying out a lawful response. In the event that you decide to not obstruct the accompanying things recorded beneath which are answering erroneously because of fraud, I will hand my archives over to my lawyer to begin a legitimate activity. It's my goal to not seek after any legitimate activity so if it's not too much trouble, comply with the law. 
XXXX XXXX XXXX XXXX XXXX, TX XXXX XX/XX/XXXX XXXX XXXX XXXX XXXX Balance : {$3900.00} XXXX XXXX  XXXX XXXX XXXX : {$6800.00} XXXX XXXX Balance XXXX {$0.00} XXXX  XXXX Balance : {$0.00} XXXX  XXXX Balance : {$0.00} XXXX XX/XX/XXXX XXXX XXXX XX/XX/XXXX XXXX XXXX  XXXX XX/XX/XXXX XXXX XXXX XX/XX/XXXX",Closed with non-monetary relief,it has been drawn out into the open that you are not hindering records when i sent a copy of the ftc report  since it is a necessity by regulation 605b of the fcra i m sending this complaint to assist with laying out a lawful response  in the event that you decide to not obstruct the accompanying things recorded beneath which are answering erroneously because of fraud  i will hand my archives over to my lawyer to begin a legitimate activity  it s my goal to not seek after any legitimate activity so if it s not too much trouble  comply with the law  xxxx xxxx xxxx xxxx xxxx  tx xxxx xx xx xxxx xxxx xxxx xxxx xxxx balance     3900 00  xxxx xxxx xxxx xxxx xxxx     6800 00  xxxx xxxx balance xxxx   0 00  xxxx xxxx balance     0 00  xxxx xxxx balance     0 00  xxxx xx xx xxxx xxxx xxxx xx xx xxxx xxxx xxxx xxxx xx xx xxxx xxxx xxxx xx xx xxxx,849,165,156
16-11-2018,Mortgage,Trouble during payment process,"Certified mail sent to Di Tech on XX/XX/XXXX concerning my payments of {$870.00} which are not behind as they have been claiming. I have not missed any payments except one in XX/XX/XXXX which has been paid for quite some time now.. 
Ditech keeps sending me letters saying I still owe random amounts, like a past due of {$1000.00} on statement, XX/XX/XXXX ( it changes monthly ) yet there is {$4600.00} sitting in my escrow account. My taxes are {$1000.00} paid twice a year and are current. My insurance of {$360.00} is being already prepaid for XX/XX/XXXX. Taxes and insurance were on an impound account since the loan began in XXXX and started with an overage. 
They are collecting forward to XX/XX/XXXX and claiming I still owe them, yet they are collecting from my impound account monthly. My bk XXXX forwarded them {$3400.00} into my escrow account. After all this they apparently are raising my mortgage to {$1000.00}. 
I am on a fixed 4.00 % rate for 40 years. 
It looks like my monthly impound of {$120.00} was applied incorrectly. On a statement dated XX/XX/XXXX it shows {$120.00} as being on ongoing deduction from the balance rather a credit it shows the amount climbing with a negative balance of {$120.00} which should be a positive. 
My payments were {$750.00} up to XX/XX/XXXX about the time they took over my loan from XXXX. I was in a BK XXXX since XX/XX/XXXX and it was discharged in XX/XX/XXXX. I was told by a DiTech Representative that {$3400.00} was sent to them on XX/XX/XXXX from my trustee into my escrow account. I requested the money returned or applied to my mortgage but to now say that I still owe them money and am behind is harming my credit and stressing me out! I would appreciate your correspondence for any violations and your help in rectifying this ongoing payment issue.",Closed with explanation,certified mail sent to di tech on xx xx xxxx concerning my payments of   870 00  which are not behind as they have been claiming  i have not missed any payments except one in xx xx xxxx which has been paid for quite some time now   ditech keeps sending me letters saying i still owe random amounts  like a past due of   1000 00  on statement  xx xx xxxx   it changes monthly   yet there is   4600 00  sitting in my escrow account  my taxes are   1000 00  paid twice a year and are current  my insurance of   360 00  is being already prepaid for xx xx xxxx  taxes and insurance were on an impound account since the loan began in xxxx and started with an overage  they are collecting forward to xx xx xxxx and claiming i still owe them  yet they are collecting from my impound account monthly  my bk xxxx forwarded them   3400 00  into my escrow account  after all this they apparently are raising my mortgage to   1000 00   i am on a fixed 4 00   rate for 40 years  it looks like my monthly impound of   120 00  was applied incorrectly  on a statement dated xx xx xxxx it shows   120 00  as being on ongoing deduction from the balance rather a credit it shows the amount climbing with a negative balance of   120 00  which should be a positive  my payments were   750 00  up to xx xx xxxx about the time they took over my loan from xxxx  i was in a bk xxxx since xx xx xxxx and it was discharged in xx xx xxxx  i was told by a ditech representative that   3400 00  was sent to them on xx xx xxxx from my trustee into my escrow account  i requested the money returned or applied to my mortgage but to now say that i still owe them money and am behind is harming my credit and stressing me out  i would appreciate your correspondence for any violations and your help in rectifying this ongoing payment issue,1804,345,157
23-09-2024,Credit reporting or other personal consumer reports,Incorrect information on your report,"Recently I saw a late payment on my credit report from your company that I do not recognize. According to the FCRA transactions such as payments are not supposed to show on a consumer credit report. I know that this is a billing error, and I just would like for it to be corrected.",Closed with explanation,recently i saw a late payment on my credit report from your company that i do not recognize  according to the fcra transactions such as payments are not supposed to show on a consumer credit report  i know that this is a billing error  and i just would like for it to be corrected,280,54,158
15-06-2021,Credit card or prepaid card,"Advertising and marketing, including promotional offers","Dear Team, i received a pre-approved credit card offer from Amex for my business ( sole proprietor ). it had a code as well and it looked like i have everything set and just need to apply the code in the letter. but when i completed everything it was declined/ refused and caused me a hard inquiry on my credit and reduced my credit score. i want Amex either to approve my application or remove the hard inquiry from my credit report in-result of misleading offer. thank you XXXX XXXX XXXX XXXX : XXXX",Closed with explanation,dear team  i received a pre approved credit card offer from amex for my business   sole proprietor    it had a code as well and it looked like i have everything set and just need to apply the code in the letter  but when i completed everything it was declined  refused and caused me a hard inquiry on my credit and reduced my credit score  i want amex either to approve my application or remove the hard inquiry from my credit report in result of misleading offer  thank you xxxx xxxx xxxx xxxx   xxxx,501,93,159
25-11-2022,"Credit reporting, credit repair services, or other personal consumer reports",Improper use of your report,"In accordance with the Fair Credit Reporting act XXXX  XXXX  XXXX, XXXX XXXX  : XXXX, XXXX XXXXL : XXXX, XXXX  XXXX XXXX : XXXX has violated my rights. 

15 U.S.C 1681 section 602 A. States I have the right to privacy.

15 U.S.C 1681 Section 604 A Section 2 : It also states a consumer reporting agency can not furnish a account without my written instructions",Closed with explanation,in accordance with the fair credit reporting act xxxx xxxx xxxx  xxxx xxxx   xxxx  xxxx xxxxl   xxxx  xxxx xxxx xxxx   xxxx has violated my rights  15 u s c 1681 section 602 a  states i have the right to privacy  15 u s c 1681 section 604 a section 2   it also states a consumer reporting agency can not furnish a account without my written instructions,353,66,160
02-07-2021,"Credit reporting, credit repair services, or other personal consumer reports",Problem with a credit reporting company's investigation into an existing problem,"On XXXX XXXX i received result of a disputed item ( XXXX Account ) from Experian that is included in my identity theft report from identity theft.gov that was uploaded for mentioned dispute along with other documents for this. I have called the Experian customer service phone number to verify reason of the result being verified as mine and updated and rule XXXX not being followed. I was notified via multiple agents that the identity theft report was not accepted by the fraud department because it is the incorrect one and that it is filled in incorrectly, was also indicated that it is with apparently with a red mark/note simulating a warning in which the warning was not disclosed yet the bureau has not informed me at any moment that the identity theft report has not been accepted through any form of communication ( email or postal ) and dismissed the dispute as verified and updated. Ever since this dispute in XX/XX/2021 the dispute center in the Experian website when accessed with my logging information it reflects a "" Technical Difficulty to access my report '' i have called multiple times to verify about this and have been given multiple different answers from the "" i don't know '' to the "" we will inform a supervisor to give you a call back ''. This is a violation of my rights of having access to correct my credit report. The identity theft report i have provided is the very report that one is given via IdentityTheft.gov this report I have submitted to XXXX  and XXXX  and they have done their due diligence and have accepted it with no issues. This has to be corrected immediately and this issue has also been forwarded to the Attorney General in my state due to this violation of my rights in the FCRA, and the inefficiency in how the Experian Credit Bureau manages an identity theft victim by blocking my disputing right to correct my report and not even communicating via any form ( email or postal ).",Closed with non-monetary relief,on xxxx xxxx i received result of a disputed item   xxxx account   from experian that is included in my identity theft report from identity theft gov that was uploaded for mentioned dispute along with other documents for this  i have called the experian customer service phone number to verify reason of the result being verified as mine and updated and rule xxxx not being followed  i was notified via multiple agents that the identity theft report was not accepted by the fraud department because it is the incorrect one and that it is filled in incorrectly  was also indicated that it is with apparently with a red mark note simulating a warning in which the warning was not disclosed yet the bureau has not informed me at any moment that the identity theft report has not been accepted through any form of communication   email or postal   and dismissed the dispute as verified and updated  ever since this dispute in xx xx 2021 the dispute center in the experian website when accessed with my logging information it reflects a   technical difficulty to access my report    i have called multiple times to verify about this and have been given multiple different answers from the   i don t know    to the   we will inform a supervisor to give you a call back     this is a violation of my rights of having access to correct my credit report  the identity theft report i have provided is the very report that one is given via identitytheft gov this report i have submitted to xxxx and xxxx and they have done their due diligence and have accepted it with no issues  this has to be corrected immediately and this issue has also been forwarded to the attorney general in my state due to this violation of my rights in the fcra  and the inefficiency in how the experian credit bureau manages an identity theft victim by blocking my disputing right to correct my report and not even communicating via any form   email or postal,1926,338,161
31-10-2015,Credit reporting,Unable to get credit report/credit score,"I 've been requesting my annual credit report and have not received anything fromTrans-Union after requesting me to submit qualifying documents, in which I submit copies of my Drivers license, Military ID, Utility bill and a copy of my SSN, all this since XXXX XXXX, 2015 and have not received nothing from.",Closed with non-monetary relief,i  ve been requesting my annual credit report and have not received anything fromtrans union after requesting me to submit qualifying documents  in which i submit copies of my drivers license  military id  utility bill and a copy of my ssn  all this since xxxx xxxx  2015 and have not received nothing from,306,53,162
13-06-2021,"Credit reporting, credit repair services, or other personal consumer reports",Improper use of your report,"I Am a PROTECTED CONSUMER. I know my rights. I certify that this request to block was made NOT in error, and My request to block information was NOT based on a material misrepresentation, and I DID NOT knowingly obtain or should have known that I obtained possession of goods, services, or moneys as a result of one or more of the transactions that I am seeking to block. Under 15 U.S. Code 1681c2 you must block all fraudulent accounts. Since I attached my form of ID, PROOF OF ADDRESS, & SOCIAL SECURITY CARD, This complaint lists someone that your company should recognize as their customer or their customers authorized representative.",Closed with explanation,i am a protected consumer  i know my rights  i certify that this request to block was made not in error  and my request to block information was not based on a material misrepresentation  and i did not knowingly obtain or should have known that i obtained possession of goods  services  or moneys as a result of one or more of the transactions that i am seeking to block  under 15 u s  code 1681c2 you must block all fraudulent accounts  since i attached my form of id  proof of address    social security card  this complaint lists someone that your company should recognize as their customer or their customers authorized representative,638,111,163
13-03-2024,Credit card,Trouble using your card,"NAV took monies from my account and locked it so now I can't use my own money.

I've had a refund coming from a merchant and NAV took that refund and stored it as a credit on their side instead of returning it to my linked bank account where they took it from in the beginning.

Nav refused to do anything. I had another refund come in and now they just took that money and kept it, then locked my credit card so I can't use it.

Nav excuse is that my account needs to be relinked from "" their trusted '' partner XXXX, which XXXX now don't want to link the account, and their lie is username from bank can't be verified all of a sudden, which is a lie. 
So, now Nav don't want to refund the refunds I have that they took upon themselves to store as a credit which I didn't ask for even before they stolen and locked my card. 

Now, nobody wants to talk to me, and they use another lie saying they can't verify my identity, and they want to verify theirs with me when they call, so they use that as am escape goat to not handle the situation from their apparent fraud. 

All this scam company had to do in the first place is not hold people 's money and return the transaction back to the original method, which was my linked bank account. 

So, the question now is, if you can't identify me, how was this account even opened. 
And most importantly, you're not contacting the real owner, why isn't the account restored back to its whole form and you release my money and close it. 

So, as you see, this is a scam, especially when the company don't even have a phone number so people can call them, they get slick and gives you XXXX 's number and not their number. Nav also don't have any physical locations nor other real business-related communication.",Closed with explanation,nav took monies from my account and locked it so now i can t use my own money  i ve had a refund coming from a merchant and nav took that refund and stored it as a credit on their side instead of returning it to my linked bank account where they took it from in the beginning  nav refused to do anything  i had another refund come in and now they just took that money and kept it  then locked my credit card so i can t use it  nav excuse is that my account needs to be relinked from   their trusted    partner xxxx  which xxxx now don t want to link the account  and their lie is username from bank can t be verified all of a sudden  which is a lie  so  now nav don t want to refund the refunds i have that they took upon themselves to store as a credit which i didn t ask for even before they stolen and locked my card  now  nobody wants to talk to me  and they use another lie saying they can t verify my identity  and they want to verify theirs with me when they call  so they use that as am escape goat to not handle the situation from their apparent fraud  all this scam company had to do in the first place is not hold people  s money and return the transaction back to the original method  which was my linked bank account  so  the question now is  if you can t identify me  how was this account even opened  and most importantly  you re not contacting the real owner  why isn t the account restored back to its whole form and you release my money and close it  so  as you see  this is a scam  especially when the company don t even have a phone number so people can call them  they get slick and gives you xxxx  s number and not their number  nav also don t have any physical locations nor other real business related communication,1739,346,164
14-05-2025,Credit reporting or other personal consumer reports,Problem with a company's investigation into an existing problem,"Estimated Dates of Contact with Credit Reporting Agencies XXXX XXXX, 2025 Initial complaint and possible dispute initiation with credit bureaus ( aligned with your first outreach about the false reporting ) XXXX XXXX, 2025 Likely dispute update or follow-up with credit bureaus after receiving XXXX confirmation of the charge-off XXXX XXXX, 2025 Escalation period ; very likely included formal disputes with XXXX, Experian, and TransUnion XXXX 2025 Ongoing dispute status checks and follow-ups, likely in parallel with certified mailings and complaint filings XXXX XXXX, 2025 Included summary of the unresolved credit reporting issues in your IRS correspondence",Closed with non-monetary relief,estimated dates of contact with credit reporting agencies xxxx xxxx  2025 initial complaint and possible dispute initiation with credit bureaus   aligned with your first outreach about the false reporting   xxxx xxxx  2025 likely dispute update or follow up with credit bureaus after receiving xxxx confirmation of the charge off xxxx xxxx  2025 escalation period   very likely included formal disputes with xxxx  experian  and transunion xxxx 2025 ongoing dispute status checks and follow ups  likely in parallel with certified mailings and complaint filings xxxx xxxx  2025 included summary of the unresolved credit reporting issues in your irs correspondence,661,97,165
08-11-2021,Credit card or prepaid card,Trouble using your card,"Hello : I filed a complaint with you about capitalone. They responded because of the complaint and tried to blame the behavior of them dropping my credit score each time I used the card. ( I applied for a card, thinking with my history with them would get me a lower interest rate, though when I applied it was through an offer for pre approval and then the app gave me the card without choice, with nearly 30 % interest rate. {$300.00}. limit. I didn't want the card and still don't. When I used the card ( never more than {$40.00} and pof on the XXXX of ea mo ) they would say I was over and lower my score. ) When they called me they tried to blame the lower scores on XXXX, but the agency clearly shows them reporting me as over, etc. I was upset and let them know it. I am a senior wanting a card to buy an occassional gift, but with their card they had told me I could buy after the bill pronted on the XXXX  and had to have it pof before the next due date to have zero affect on credit. 
Theu HAVE DROPPED MY CREDIT SCORE 30 % ON XXXX AND $ 40 % ON XXXX!!!!!!!!! becasue they are corrupt XXXX. PLEASE GET THESE XXXX  TO CORRECT THIS> I DONT DESERVE THIS AND THEY SHOULD BE PUNISHED!!!!!!",Closed with explanation,hello   i filed a complaint with you about capitalone  they responded because of the complaint and tried to blame the behavior of them dropping my credit score each time i used the card    i applied for a card  thinking with my history with them would get me a lower interest rate  though when i applied it was through an offer for pre approval and then the app gave me the card without choice  with nearly 30   interest rate    300 00   limit  i didn t want the card and still don t  when i used the card   never more than   40 00  and pof on the xxxx of ea mo   they would say i was over and lower my score    when they called me they tried to blame the lower scores on xxxx  but the agency clearly shows them reporting me as over  etc  i was upset and let them know it  i am a senior wanting a card to buy an occassional gift  but with their card they had told me i could buy after the bill pronted on the xxxx and had to have it pof before the next due date to have zero affect on credit  theu have dropped my credit score 30   on xxxx and   40   on xxxx          becasue they are corrupt xxxx  please get these xxxx to correct this  i dont deserve this and they should be punished,1185,232,166
29-03-2023,"Credit reporting, credit repair services, or other personal consumer reports",Incorrect information on your report,"XXXXXXXX XXXX XXXX XXXXXXXX Account is reporting and I have no knowledge of the account. 

Section 623 ( a ) ( 1 ) ( B ). If a consumer notifies a furnisher that the consumer disputes the completeness or accuracy of any information reported by the furnishes.",Closed with non-monetary relief,xxxxxxxx xxxx xxxx xxxxxxxx account is reporting and i have no knowledge of the account  section 623   a     1     b    if a consumer notifies a furnisher that the consumer disputes the completeness or accuracy of any information reported by the furnishes,255,41,167
30-07-2025,Credit reporting or other personal consumer reports,Problem with a company's investigation into an existing problem,"Between XXXX XXXX and XXXX XXXX account XXXX XXXX XXXX was removed from my XXXX credit file due to inaccurate credit reporting by the furnisher.TransUnion failed to remove the account. I am aware TransUnion do not conduct reasonable reinvestigation as required by the FCRA, and did not remove the account prior to my request to remove this account from my TransUnion credit file. ( SEE ATTACHMENT )",Closed with non-monetary relief,between xxxx xxxx and xxxx xxxx account xxxx xxxx xxxx was removed from my xxxx credit file due to inaccurate credit reporting by the furnisher transunion failed to remove the account  i am aware transunion do not conduct reasonable reinvestigation as required by the fcra  and did not remove the account prior to my request to remove this account from my transunion credit file    see attachment,396,66,168
05-12-2019,Credit card or prepaid card,Incorrect information on your report,"On XX/XX/2019 this office obtained a copy of my credit report and it was a result of fraud. I am a victim of Identity Theft and I ask this office to handle this in a serious manner. I have XXXX XXXX and additionally signed up for credit monitoring services with the credit bureaus and have reached out to XXXX   as well. I have added a security freeze to my credit file to prevent this from happening in the future. I ask this office to complete an investigation and remove this from my report and any fraudulent address, phone number, or any information that does not belong to me that the unknown person used to apply for the account. I reached out to this office only to be transferred to someone who is foreign repeating everything twice or talking about something else other than my name being used. I have even been placed on hold only to be bounced around from person to person and the phone being hung up.",Closed with non-monetary relief,on xx xx 2019 this office obtained a copy of my credit report and it was a result of fraud  i am a victim of identity theft and i ask this office to handle this in a serious manner  i have xxxx xxxx and additionally signed up for credit monitoring services with the credit bureaus and have reached out to xxxx as well  i have added a security freeze to my credit file to prevent this from happening in the future  i ask this office to complete an investigation and remove this from my report and any fraudulent address  phone number  or any information that does not belong to me that the unknown person used to apply for the account  i reached out to this office only to be transferred to someone who is foreign repeating everything twice or talking about something else other than my name being used  i have even been placed on hold only to be bounced around from person to person and the phone being hung up,910,171,169
22-07-2025,Credit reporting or other personal consumer reports,Incorrect information on your report,"This CFPB complaint has been filed to request pursuant to FCRA 605B ( 15 U.S.C. 1681c-2 ) that you, the Experian credit reporting agency, block information appearing on my consumer credit report that is the result of identity theft and fraud within 4 business days of you receiving this complaint. This fraudulent, inaccurate, and false information consists of XXXX XXXX XXXX XXXX XXXX XXXX XXXX XXXX Verify Account - 15 U.S. Code 1666 ( b ) Billing Error : I recently reviewed my credit report and noticed late payments listed from your company. The payment history for this account is inaccurately reported. Please update the status to paid as agreed on my credit report XXXX XXXX XXXX XXXX XXXX XXXX XXXX XXXX XXXX Section 807 Violation Misleading- Investigate and make sure everything is correct if not delete it from my credit report. This agency is in violation of 15 U.S.C. 1692g. They were to notify me of this in writing 5 days prior, I was not As the original creditor, only I can validate this debt. I do not validate debt XXXX XXXX XXXX XXXX XXXX XXXX XXXX XXXX XXXX Section 807 Violation Misleading- Investigate and make sure everything is correct if not delete it from my credit report. This agency is in violation of 15 U.S.C. 1692g. They were to notify me of this in writing 5 days prior, I was not As the original creditor, only I can validate this debt. I do not validate debt These accounts have resulted in several fraudulent hard inquiries and fraudulent collections appearing on my consumer FICO credit report. All of the aforementioned accounts, collections, and hard inquiries are the result of identity theft and fraud. I have attached a copy of FTC Identity Theft Criminal Complaint XXXX as proof from the US Federal Trade Commission that all of the aforementioned consumer credit accounts, collections, and hard inquiries are the result of identity theft and fraud.",Closed with explanation,this cfpb complaint has been filed to request pursuant to fcra 605b   15 u s c  1681c 2   that you  the experian credit reporting agency  block information appearing on my consumer credit report that is the result of identity theft and fraud within 4 business days of you receiving this complaint  this fraudulent  inaccurate  and false information consists of xxxx xxxx xxxx xxxx xxxx xxxx xxxx xxxx verify account   15 u s  code 1666   b   billing error   i recently reviewed my credit report and noticed late payments listed from your company  the payment history for this account is inaccurately reported  please update the status to paid as agreed on my credit report xxxx xxxx xxxx xxxx xxxx xxxx xxxx xxxx xxxx section 807 violation misleading  investigate and make sure everything is correct if not delete it from my credit report  this agency is in violation of 15 u s c  1692g  they were to notify me of this in writing 5 days prior  i was not as the original creditor  only i can validate this debt  i do not validate debt xxxx xxxx xxxx xxxx xxxx xxxx xxxx xxxx xxxx section 807 violation misleading  investigate and make sure everything is correct if not delete it from my credit report  this agency is in violation of 15 u s c  1692g  they were to notify me of this in writing 5 days prior  i was not as the original creditor  only i can validate this debt  i do not validate debt these accounts have resulted in several fraudulent hard inquiries and fraudulent collections appearing on my consumer fico credit report  all of the aforementioned accounts  collections  and hard inquiries are the result of identity theft and fraud  i have attached a copy of ftc identity theft criminal complaint xxxx as proof from the us federal trade commission that all of the aforementioned consumer credit accounts  collections  and hard inquiries are the result of identity theft and fraud,1891,326,170
04-11-2024,Debt collection,Took or threatened to take negative or legal action,"National Credit systems sent a letter to my moms house saying that I owed a {$350.00} debt because of damaged to the flooring at my old rental address that didnt exist. They provided no proof of the damage and told me I would still have to pay the debt. I have disputed the debt and a week later have still not received any communication back. The entire situation is very sketchy, and my old property manager treated me terrible and did very sketchy stuff.",Closed with explanation,national credit systems sent a letter to my moms house saying that i owed a   350 00  debt because of damaged to the flooring at my old rental address that didnt exist  they provided no proof of the damage and told me i would still have to pay the debt  i have disputed the debt and a week later have still not received any communication back  the entire situation is very sketchy  and my old property manager treated me terrible and did very sketchy stuff,456,85,171
10-04-2025,Credit reporting or other personal consumer reports,Problem with a company's investigation into an existing problem,"I recently reviewed my credit report from your bureau and noticed discrepancies in certain accounts. I believe these accounts contain inaccuracies and request that they be updated to reflect the correct information. 
XXXX XXXX XXXX Payment Status : Late 30 Days Late Dates : XX/XX/XXXX ( XXXX ) The information you are reporting differs from that of other credit bureaus. According to the FCRA, all reported data must be completely accurate or it must be corrected. 
XXXX XXXX XXXX Payment Status : Late 30 Days Late Dates : XX/XX/XXXX ( XXXX ) Your report contains information that is inconsistent with what other bureaus have recorded. Under FCRA guidelines, reporting must be entirely precise, and any inaccuracies should be promptly updated. 
XXXX XXXX XXXX Date Opened : XX/XX/XXXX Payment Status : Late 30 Days Late Dates : XX/XX/XXXX ( XXXX ) There are discrepancies between the information you are reporting and what other bureaus have. As mandated by the FCRA, all reported details must be 100 % accurate, and any incorrect information must be revised.",Closed with non-monetary relief,i recently reviewed my credit report from your bureau and noticed discrepancies in certain accounts  i believe these accounts contain inaccuracies and request that they be updated to reflect the correct information  xxxx xxxx xxxx payment status   late 30 days late dates   xx xx xxxx   xxxx   the information you are reporting differs from that of other credit bureaus  according to the fcra  all reported data must be completely accurate or it must be corrected  xxxx xxxx xxxx payment status   late 30 days late dates   xx xx xxxx   xxxx   your report contains information that is inconsistent with what other bureaus have recorded  under fcra guidelines  reporting must be entirely precise  and any inaccuracies should be promptly updated  xxxx xxxx xxxx date opened   xx xx xxxx payment status   late 30 days late dates   xx xx xxxx   xxxx   there are discrepancies between the information you are reporting and what other bureaus have  as mandated by the fcra  all reported details must be 100   accurate  and any incorrect information must be revised,1057,168,172
30-07-2019,Mortgage,Struggling to pay mortgage,"I applied HAMP Tier 2 Loan Modification to BBVA Compass and requested them through certified mail and they asked me to send them more documents for their processing as enclosed evidence are true and correct copy of their requests and is in incorporate by reference as if fully copied herein. BBVA Compass have allegedly been attempting to modify my loan, nevertheless, BBVA Compass later refused and rejected, and thereby they forced me to pay off my whole debt loan. Payment in arrangements are in the verge of being process and in order for me to stay in my home, I found a buyer and asked once again BBVA Compass to re- consideration first approve my Loan Modification, in response of an alternative solution and possibilities while waiting for my buyer to close. I was trying to work on with my buyer and BBVA Compass always demands to pay off my loans debt in my home, at the same time, threatening me to foreclose, hereto a purchase contract enclosed ( a true and correct copy of the purchase contract and is incorporated by reference as of file of copied herein ). In spites of my diligence in assisting my buyer to close her third party financing ; BBVA Compass wanted to acquire said property and had no intent in mind to allow me to sell and close the sale of my buyer in order to cure my defaults. I had expended a lot of time and money and invested my entire life savings to my homestead and as such a great wrong was done by BBVA Compass. In my assertion that BBVA Compass were not dealing with me in good faith.",Closed with explanation,i applied hamp tier 2 loan modification to bbva compass and requested them through certified mail and they asked me to send them more documents for their processing as enclosed evidence are true and correct copy of their requests and is in incorporate by reference as if fully copied herein  bbva compass have allegedly been attempting to modify my loan  nevertheless  bbva compass later refused and rejected  and thereby they forced me to pay off my whole debt loan  payment in arrangements are in the verge of being process and in order for me to stay in my home  i found a buyer and asked once again bbva compass to re  consideration first approve my loan modification  in response of an alternative solution and possibilities while waiting for my buyer to close  i was trying to work on with my buyer and bbva compass always demands to pay off my loans debt in my home  at the same time  threatening me to foreclose  hereto a purchase contract enclosed   a true and correct copy of the purchase contract and is incorporated by reference as of file of copied herein    in spites of my diligence in assisting my buyer to close her third party financing   bbva compass wanted to acquire said property and had no intent in mind to allow me to sell and close the sale of my buyer in order to cure my defaults  i had expended a lot of time and money and invested my entire life savings to my homestead and as such a great wrong was done by bbva compass  in my assertion that bbva compass were not dealing with me in good faith,1524,277,173
14-04-2023,"Credit reporting, credit repair services, or other personal consumer reports",Improper use of your report,"In accordance with the Fair Credit Repprting act. The List of accounts below has violated my federally protected consumer rights to privacy and confidentiality under 15 USC 1681XXXX XXXX XXXX XXXX XXXX XXXX, has violated my rights 15 U.S.C 1681 section 602 A. States I have the right to privacy. 15 U.S.C 1681 Section 604 A Section 2 : It also states a consumer reporting agency can not furnish a account without my written instructions 15 U.S.C 1681c. ( a ) ( 5 ) Section States : no consumer reporting agency may make any consumer report containing any of the following items of information Any other adverse item of information, other than records of convictions of crimes which antedates the report by more than seven years. 15 U.S.C 1681 c. ( a ) ( 5 ) Section States : no consumer reporting agency may make any consumer report containing any of the following items of information Any other adverse item of information, other than records of convictions of crimes which antedates the report by more than seven years. 15 U.S.C. 1681s-2 ( A ) ( 1 ) A person shall not furnish any information relating to a consumer to any consumer reporting agency if the person knows or has reasonable cause to believe that the information is inaccurate.",Closed with non-monetary relief,in accordance with the fair credit repprting act  the list of accounts below has violated my federally protected consumer rights to privacy and confidentiality under 15 usc 1681xxxx xxxx xxxx xxxx xxxx xxxx  has violated my rights 15 u s c 1681 section 602 a  states i have the right to privacy  15 u s c 1681 section 604 a section 2   it also states a consumer reporting agency can not furnish a account without my written instructions 15 u s c 1681c    a     5   section states   no consumer reporting agency may make any consumer report containing any of the following items of information any other adverse item of information  other than records of convictions of crimes which antedates the report by more than seven years  15 u s c 1681 c    a     5   section states   no consumer reporting agency may make any consumer report containing any of the following items of information any other adverse item of information  other than records of convictions of crimes which antedates the report by more than seven years  15 u s c  1681s 2   a     1   a person shall not furnish any information relating to a consumer to any consumer reporting agency if the person knows or has reasonable cause to believe that the information is inaccurate,1240,214,174
24-05-2025,Credit reporting or other personal consumer reports,Incorrect information on your report,fraudulent accounts incorrect addresses never lived here XXXXXXXX XXXX XXXX XXXX XXXX XXXX XXXX XXXX,Closed with non-monetary relief,fraudulent accounts incorrect addresses never lived here xxxxxxxx xxxx xxxx xxxx xxxx xxxx xxxx xxxx,100,15,175
11-01-2020,"Credit reporting, credit repair services, or other personal consumer reports",Incorrect information on your report,"AFTER A CAREFUL REVIEW OF MY CREDIT REPORT, I HAVE IDENTIFIED INACCURATE ACCOUNTS THAT ARE DEROGATORIES AND DELINQUENTS THAT I HAVE NO KNOWLEDGE OF AND WERE NOT AUTHORIZED BY ME. PLEASE REMOVED THOSE INACCURATE ACCOUNTS THAT HAVE BEEN CAUSING DAMAGE TO MY CREDIT FILE. IT IS ILLEGAL TO HAVE SUCH ACCOUNTS REPORTING INACCURATELY ON ONES CREDIT, CONDUCT AN INVESTIGATION INTO THIS MATTER AND HAVE THE ACCOUNTS PURGED OFF MY CREDIT FILE.",Closed with non-monetary relief,after a careful review of my credit report  i have identified inaccurate accounts that are derogatories and delinquents that i have no knowledge of and were not authorized by me  please removed those inaccurate accounts that have been causing damage to my credit file  it is illegal to have such accounts reporting inaccurately on ones credit  conduct an investigation into this matter and have the accounts purged off my credit file,433,71,176
26-06-2019,"Credit reporting, credit repair services, or other personal consumer reports",Incorrect information on your report,"This issue is an existing problem which Equifax, and XXXX  wasn't able to resolve.. The student loan was reported on my credit report..Based on my research, all government funded loans are not supposedly be reported on a credit report. This is a clear violation of the FCRA ..Credit Bureaus could not give me concrete explanation as to why they wont delete it..Please step up CFPB and delete. Their investigation solve the problem. They said they have verified it but did not give details on how their investigation went..Just remove the accounts asap DEPTEDXXXX XXXX, DEPTEDXXXX  XXXX, DEPTEDXXXX XXXX, DEDXXXX  XXXX, DEPTEDXXXX XXXX, DEPTEDXXXX XXXX,",Closed with explanation,this issue is an existing problem which equifax  and xxxx wasn t able to resolve   the student loan was reported on my credit report  based on my research  all government funded loans are not supposedly be reported on a credit report  this is a clear violation of the fcra   credit bureaus could not give me concrete explanation as to why they wont delete it  please step up cfpb and delete  their investigation solve the problem  they said they have verified it but did not give details on how their investigation went  just remove the accounts asap deptedxxxx xxxx  deptedxxxx xxxx  deptedxxxx xxxx  dedxxxx xxxx  deptedxxxx xxxx  deptedxxxx xxxx,648,108,177
25-02-2025,Credit reporting or other personal consumer reports,Incorrect information on your report,I pay off capital one for about XXXX month now and it still show on my XXXX report as not pay,Closed with explanation,i pay off capital one for about xxxx month now and it still show on my xxxx report as not pay,93,21,178
17-11-2020,"Credit reporting, credit repair services, or other personal consumer reports",Incorrect information on your report,I have spoken to representatives and supervisors and the calls disconnect with no help at all. I have mailed in disputes for the 4 collections on my credit report XXXX XXXX XXXX XXXX with Equifax and they keep saying they haven't received them and this is my second time doing a dispute in writing. The information they have on my report is not accurate and needs to be deleted. My next step is to go forward with a lawyer if need be to make sure my credit is accurate and make it known publicly that Equifax is a fraud company that keeps inaccurate information and provide no help to people like me.,Closed with explanation,i have spoken to representatives and supervisors and the calls disconnect with no help at all  i have mailed in disputes for the 4 collections on my credit report xxxx xxxx xxxx xxxx with equifax and they keep saying they haven t received them and this is my second time doing a dispute in writing  the information they have on my report is not accurate and needs to be deleted  my next step is to go forward with a lawyer if need be to make sure my credit is accurate and make it known publicly that equifax is a fraud company that keeps inaccurate information and provide no help to people like me,599,113,179
15-11-2025,"Money transfer, virtual currency, or money service",Problem with customer service,I transfered XXXX to a friend in XXXX and the transfer initated on XX/XX/year>. it said XXXX minutes. Still has not been delivered. Contacted everyday since and said to wait 24-48 hours. they sent inquiry but no response. Still money has not been delivered and ask for cancellation but they want to wait till Monday.,Closed with explanation,i transfered xxxx to a friend in xxxx and the transfer initated on xx xx year   it said xxxx minutes  still has not been delivered  contacted everyday since and said to wait 24 48 hours  they sent inquiry but no response  still money has not been delivered and ask for cancellation but they want to wait till monday,315,58,180
14-05-2024,Credit reporting or other personal consumer reports,Improper use of your report,"Delinquent, derogatory, and collection accounts that should be removed. 
XXXX XXXX acct : XXXX XXXX  acct terminated. This is not my account, and I wa t it removed. 
*XXXX XXXX XXXX XXXX XXXX {$4200.00}. This loan was paid in full by court order. Should be removed. 
*XXXX XXXXXXXX XXXX XXXX collection/derogatory {$1400.00}. 
*XXXX  XXXX XXXX XXXXXXXX {$170.00} charge off/collection XXXXXXXX XXXX acct : XXXX {$970.00} collection/derogatory *XXXX XXXX acct : XXXX {$740.00} XXXX/derogatory collection *XXXX XXXX XXXX {$34000.00} student loan opened XXXX XX/XX/1998 transferred to XXXX . It's been paid all school loans paid. Old social security number XXXX XXXX, XXXX XXXX 

REMOVE INACCURATE WITH FAIR CREDIT REPORTING ACT 15 USC 1681 SECTION 604A STATES I HAVE THE RIGHT TO CONSUMER PRIVACY.",Closed with non-monetary relief,delinquent  derogatory  and collection accounts that should be removed  xxxx xxxx acct   xxxx xxxx acct terminated  this is not my account  and i wa t it removed   xxxx xxxx xxxx xxxx xxxx   4200 00   this loan was paid in full by court order  should be removed   xxxx xxxxxxxx xxxx xxxx collection derogatory   1400 00    xxxx xxxx xxxx xxxxxxxx   170 00  charge off collection xxxxxxxx xxxx acct   xxxx   970 00  collection derogatory  xxxx xxxx acct   xxxx   740 00  xxxx derogatory collection  xxxx xxxx xxxx   34000 00  student loan opened xxxx xx xx 1998 transferred to xxxx   it s been paid all school loans paid  old social security number xxxx xxxx  xxxx xxxx remove inaccurate with fair credit reporting act 15 usc 1681 section 604a states i have the right to consumer privacy,786,131,181
11-04-2023,"Credit reporting, credit repair services, or other personal consumer reports",Incorrect information on your report,"I have been disputing fraud ITEMS on my credit report. The items are not showing in dispute nor are they removed from my report. The bureaus seem to ignore the trend and let these fraudulent items affect my credit score. I have requested the investigation to be initiated and also verifiable proof to be submitted should the items claim to be mine. I have had ENOUGH! HOW MUCH DOCUMENTATION does it take to get SOMEONE to REALLY DO SOMETHING?? LOOK at the attachments! THIS IS NOT ROCKET SCIENCE! You asked for Documentation and I have given it. AGAIN AND AGAIN AND AGAIN! This is my last option before I take this up with my lawyers and sue for full compensation and damages incurred. Please delete the items immediate. 

XXXX XXXX XXXXXXXX XXXX : {$0.00} ; XXXX XXXX Balance : {$1300.00} ; XXXX XXXX XXXX Balance : {$0.00} ; XXXXXXXX XXXX XXXX Balance : {$70.00} ; XXXX XXXXXXXX Balance : {$1300.00} ; XXXX XXXX XXXX Balance : {$1100.00} ; XXXX XXXX Balance : {$470.00} ; XXXX XXXXXXXX Balance : {$9900.00} ; XXXX XXXX Balance : {$1000.00} ; XXXX XXXX XXXX XXXX XXXXXX/XX/XXXX ; XXXX XXXX",Closed with non-monetary relief,i have been disputing fraud items on my credit report  the items are not showing in dispute nor are they removed from my report  the bureaus seem to ignore the trend and let these fraudulent items affect my credit score  i have requested the investigation to be initiated and also verifiable proof to be submitted should the items claim to be mine  i have had enough  how much documentation does it take to get someone to really do something   look at the attachments  this is not rocket science  you asked for documentation and i have given it  again and again and again  this is my last option before i take this up with my lawyers and sue for full compensation and damages incurred  please delete the items immediate  xxxx xxxx xxxxxxxx xxxx     0 00    xxxx xxxx balance     1300 00    xxxx xxxx xxxx balance     0 00    xxxxxxxx xxxx xxxx balance     70 00    xxxx xxxxxxxx balance     1300 00    xxxx xxxx xxxx balance     1100 00    xxxx xxxx balance     470 00    xxxx xxxxxxxx balance     9900 00    xxxx xxxx balance     1000 00    xxxx xxxx xxxx xxxx xxxxxx xx xxxx   xxxx xxxx,1088,186,182
08-11-2023,Credit reporting or other personal consumer reports,Incorrect information on your report,"This is my several requests that I have been a victim of identity theft and that no one seems to care, that I want to dispute certain records in my credit file that do not belong to me, or that I have signed any agreement. The things I'm opposing have nothing to do with any transactions I've carried out or approved in order to obtain goods, services, or money. Please take out the following items : XXXX XXXX XXXX XXXX XXXX XXXX XXXX XXXX XXXX XXXX XXXX XXXX XXXX XXXX XXXX XXXX XXXX XXXX XXXX XXXX XXXX XXXX XXXX XXXX XXXX XXXX XXXX XXXX XXXX XXXX XXXX Balance Owed : {$0.00} ; XXXX XXXX Balance Owed : {$9900.00} XXXX XXXX XXXX XXXX XXXX XXXX XXXX XXXX XXXX",Closed with explanation,this is my several requests that i have been a victim of identity theft and that no one seems to care  that i want to dispute certain records in my credit file that do not belong to me  or that i have signed any agreement  the things i m opposing have nothing to do with any transactions i ve carried out or approved in order to obtain goods  services  or money  please take out the following items   xxxx xxxx xxxx xxxx xxxx xxxx xxxx xxxx xxxx xxxx xxxx xxxx xxxx xxxx xxxx xxxx xxxx xxxx xxxx xxxx xxxx xxxx xxxx xxxx xxxx xxxx xxxx xxxx xxxx xxxx xxxx balance owed     0 00    xxxx xxxx balance owed     9900 00  xxxx xxxx xxxx xxxx xxxx xxxx xxxx xxxx xxxx,661,127,183
20-01-2025,"Money transfer, virtual currency, or money service",Other transaction problem,"I am filling a complaint against Cash App ( Block Inc. ) Due to inadequate customer service and unfair practices, which violates the Consumer Financial Protection Act. Specifically, Cash App failed to take timely and effective measures to prevent and address fraud on their platform, leaving my account vulnerable and unprotected. Their resolution dispute process was unfair and deceptive, as they did not comply with the error resolution requirements under Electronic Funds Transfer act and Regulation E. These actions have caused significant financial loss. I pursue rightful compensation for these actions violations",Closed with explanation,i am filling a complaint against cash app   block inc    due to inadequate customer service and unfair practices  which violates the consumer financial protection act  specifically  cash app failed to take timely and effective measures to prevent and address fraud on their platform  leaving my account vulnerable and unprotected  their resolution dispute process was unfair and deceptive  as they did not comply with the error resolution requirements under electronic funds transfer act and regulation e  these actions have caused significant financial loss  i pursue rightful compensation for these actions violations,619,90,184
03-12-2024,Credit reporting or other personal consumer reports,Incorrect information on your report,"I hope you're doing well. I've run into a bit of a problem. While going through my credit report, I noticed some things that don't seem quite right, and it appears my identity have been stolen online. My XXXX, who's studying XXXX XXXX, helped me out by finding a way to check if my XXXX emails were involved in this breach. To my surprise, it turns out that XXXX out of XXXX of my emails contain a lot of my sensitive and personal information. I want to emphasize that I'm not the one behind these accounts. It would mean a lot to me if you could assist in removing the following from my credit report. Please see the attached file for what I am complaining about and take immediate actions.",Closed with non-monetary relief,i hope you re doing well  i ve run into a bit of a problem  while going through my credit report  i noticed some things that don t seem quite right  and it appears my identity have been stolen online  my xxxx  who s studying xxxx xxxx  helped me out by finding a way to check if my xxxx emails were involved in this breach  to my surprise  it turns out that xxxx out of xxxx of my emails contain a lot of my sensitive and personal information  i want to emphasize that i m not the one behind these accounts  it would mean a lot to me if you could assist in removing the following from my credit report  please see the attached file for what i am complaining about and take immediate actions,690,135,185
13-06-2023,"Credit reporting, credit repair services, or other personal consumer reports",Problem with fraud alerts or security freezes,"Good morning, I have several accounts that have been in XXXX balance for some time now and they have not been deleted from my credit report y Others that are already closed and are not eliminated. I need you to help me with that, please",Closed with explanation,good morning  i have several accounts that have been in xxxx balance for some time now and they have not been deleted from my credit report y others that are already closed and are not eliminated  i need you to help me with that  please,236,45,186
28-12-2023,Student loan,Dealing with your lender or servicer,"I have had to call Nelnet 5 times, about the same issues, regarding my repayment plan. Each time I call the wait time is close to 2 hours long, and I receive different answers from each representative I speak to. On top of this, each time a representative gives me information, nothing of what we spoke about actually happens on my account leading me to have to call back again, over and over. I was initially told that all groups of loans will be placed on an extended graduated repayment plan and the total of the payments will be {$290.00}. This has changed several times since I was told this on XXXX The payments have jumped to over {$570.00}, then reduced but still higher than the initial amount given to me on XX/XX/. Then I was given completely different information and amounts of what the payments will be. Literally, each time I speak to a representative, the amounts and information provided to me are completely different. I want resolve. I want a payment that I can afford so that I can make them timely each month. I want what I was told would happen to actually occur on my account. I was told, {$290.00} TOTAL - this includes all groups of my loans, on the extended graduated plan. The amount of time, anguish, irritation, effort, etc. that I have to put into getting accurate information for my loans is absolutely ridiculous and unacceptable. Nelnet is a student loan servicing company contracted by the Department of Education to service direct and Federal Family Education Loans. However, it seems they are severely understaffed as well as not fully equipped or trained as to how to properly service, process, and execute the information provided to customers about their loans. I want resolve. I want to not have to spend time each week, holding for almost 2 hours each time, just to be told different information than the last time I called. I want the total payment that I was told I would have of {$290.00} TOTAL which is inclusive of all my groups of loans.",Closed with explanation,i have had to call nelnet 5 times  about the same issues  regarding my repayment plan  each time i call the wait time is close to 2 hours long  and i receive different answers from each representative i speak to  on top of this  each time a representative gives me information  nothing of what we spoke about actually happens on my account leading me to have to call back again  over and over  i was initially told that all groups of loans will be placed on an extended graduated repayment plan and the total of the payments will be   290 00   this has changed several times since i was told this on xxxx the payments have jumped to over   570 00   then reduced but still higher than the initial amount given to me on xx xx   then i was given completely different information and amounts of what the payments will be  literally  each time i speak to a representative  the amounts and information provided to me are completely different  i want resolve  i want a payment that i can afford so that i can make them timely each month  i want what i was told would happen to actually occur on my account  i was told    290 00  total   this includes all groups of my loans  on the extended graduated plan  the amount of time  anguish  irritation  effort  etc  that i have to put into getting accurate information for my loans is absolutely ridiculous and unacceptable  nelnet is a student loan servicing company contracted by the department of education to service direct and federal family education loans  however  it seems they are severely understaffed as well as not fully equipped or trained as to how to properly service  process  and execute the information provided to customers about their loans  i want resolve  i want to not have to spend time each week  holding for almost 2 hours each time  just to be told different information than the last time i called  i want the total payment that i was told i would have of   290 00  total which is inclusive of all my groups of loans,1983,356,187
27-04-2024,Credit reporting or other personal consumer reports,Improper use of your report,"I am a victim of identity theft, The following accounts are reporting fraudulently on my credit report. Account : XXXX XXXX  XXXX ; Account # : XXXX ; Account : XXXX XXXX I ; Account # : XXXX.",Closed with explanation,i am a victim of identity theft  the following accounts are reporting fraudulently on my credit report  account   xxxx xxxx xxxx   account     xxxx   account   xxxx xxxx i   account     xxxx,190,29,188
03-06-2024,Credit reporting or other personal consumer reports,Improper use of your report,I have filed a complaint to the credit bureaus regarding inaccurate items on my credit report. My letters have been disregarded and Ive been receiving letters stating Im using a 3rd party. I have attached my ID and letters to this complaint for your review.,Closed with explanation,i have filed a complaint to the credit bureaus regarding inaccurate items on my credit report  my letters have been disregarded and ive been receiving letters stating im using a 3rd party  i have attached my id and letters to this complaint for your review,256,45,189
17-07-2025,Credit reporting or other personal consumer reports,Incorrect information on your report,"I have identified serious billing errors under XXXX U.S. CXXXX XXXX ( b ) on my credit report, including unverified late payment marks and the creditor 's failure to accurately reflect payments and credits. Despite my prior formal request for evidence substantiating these late marks, the creditor has failed to provide any legally required proof of investigation or verification. Furthermore, the creditor did not issue a proper billing statement at least 21 days before the due date, as mandated by law, rendering any late payment reporting invalid. This blatant disregard for accurate reporting is unacceptable. I demand that these inaccuracies be immediately corrected by updating the items to 'Paid as Agreed ' or removing them entirely from my credit report.",Closed with non-monetary relief,i have identified serious billing errors under xxxx u s  cxxxx xxxx   b   on my credit report  including unverified late payment marks and the creditor  s failure to accurately reflect payments and credits  despite my prior formal request for evidence substantiating these late marks  the creditor has failed to provide any legally required proof of investigation or verification  furthermore  the creditor did not issue a proper billing statement at least 21 days before the due date  as mandated by law  rendering any late payment reporting invalid  this blatant disregard for accurate reporting is unacceptable  i demand that these inaccuracies be immediately corrected by updating the items to  paid as agreed   or removing them entirely from my credit report,763,118,190
04-03-2025,Credit reporting or other personal consumer reports,Incorrect information on your report,"This CFPB complaint has been filed to request under pursuant to FCRA 605B ( 15 USC 1681 c-2 ) that you, the Experian credit reporting agency, block information appearing on my credit report that is the results of Identity theft, data Breach and fraud within 4 business days of you receiving this complaint. This fraudulent, inaccurate, and false information consists of these following accounts XXXX  : Account number : XXXX, XXXX : Account number : XXXX, XXXX : Account number : XXXX, XXXX : Account number XXXX XXXX, XXXX XXXX  : Account XXXX : XXXX, XXXX XXXX  : Account XXXX : XXXX, XXXX XXXX XXXX : Account number : XXXX, XXXX XXXX XXXX : Account XXXX XXXX XXXX, XXXX XXXX : Account number : XXXX, XXXX  : Account number : XXXX, XXXX  : Account number : XXXX, XXXX XXXX XXXX XXXX : Account number : XXXX, These accounts have resulted in several fraudulent hard inquiries and fraudulent collections appearing on my consumer XXXX credit report maintained by you which shows the aforementioned fraudulent items. I DO NOT RECOGNIZE THE AFOREMENTIONED ACCOUNTS, COLLECTIONS AND HARD INQUIRY APPEARINTG IN MY CREDIT REPORT MAINTAONED BY YOU WERE NOT OPENED, MADE OR INITIATED BY ME. ALL OF THE MENTIONED ACCOUNTS ARE THE RESULT OF IDENTITY THEFT, DATA BREACH AND FRAUD. ATTACHED TO THIS IS A ACOPY OF FTC IDENTITY THEFT REPORT AS PROOF FROM US FEDERAL TRADE COMMISSION.",Closed with explanation,this cfpb complaint has been filed to request under pursuant to fcra 605b   15 usc 1681 c 2   that you  the experian credit reporting agency  block information appearing on my credit report that is the results of identity theft  data breach and fraud within 4 business days of you receiving this complaint  this fraudulent  inaccurate  and false information consists of these following accounts xxxx   account number   xxxx  xxxx   account number   xxxx  xxxx   account number   xxxx  xxxx   account number xxxx xxxx  xxxx xxxx   account xxxx   xxxx  xxxx xxxx   account xxxx   xxxx  xxxx xxxx xxxx   account number   xxxx  xxxx xxxx xxxx   account xxxx xxxx xxxx  xxxx xxxx   account number   xxxx  xxxx   account number   xxxx  xxxx   account number   xxxx  xxxx xxxx xxxx xxxx   account number   xxxx  these accounts have resulted in several fraudulent hard inquiries and fraudulent collections appearing on my consumer xxxx credit report maintained by you which shows the aforementioned fraudulent items  i do not recognize the aforementioned accounts  collections and hard inquiry appearintg in my credit report maintaoned by you were not opened  made or initiated by me  all of the mentioned accounts are the result of identity theft  data breach and fraud  attached to this is a acopy of ftc identity theft report as proof from us federal trade commission,1362,211,191
27-06-2023,"Credit reporting, credit repair services, or other personal consumer reports",Problem with a credit reporting company's investigation into an existing problem,"In accordance with the Fair Credit Reporting act they violated my rights. 
Please delete the following items : XXXX XXXX XXXX XXXX XXXX XXXX XXXX XXXX XXXX XXXX XXXX XXXX XXXX XXXX XXXX XXXX XXXX 15 U.S.C 1681 section 602 A. States I have the right to privacy.

15 U.S.C 1681 Section 604 A Section 2 : It also states a consumer reporting agency can not furnish a account without my written instructions.",Closed with explanation,in accordance with the fair credit reporting act they violated my rights  please delete the following items   xxxx xxxx xxxx xxxx xxxx xxxx xxxx xxxx xxxx xxxx xxxx xxxx xxxx xxxx xxxx xxxx xxxx 15 u s c 1681 section 602 a  states i have the right to privacy  15 u s c 1681 section 604 a section 2   it also states a consumer reporting agency can not furnish a account without my written instructions,400,75,192
10-05-2025,Credit reporting or other personal consumer reports,Incorrect information on your report,"2. Navy Federal Credit Union ( {$7500.00} All Bureaus ) I disputed a charged-off credit card account from Navy Federal Credit Union with a balance of {$7500.00} that is negatively impacting my credit report. All three credit bureaus continue to report it as verified, despite no valid documents being provided to me. 

Under FCRA 611 ( a ) ( 7 ), I requested the method of verification used to verify this account and have received no response. I demand a proper investigation and deletion if this account can not be fully validated with supporting documentation. 

Reporting unverifiable or inaccurate information after a formal dispute is a direct violation of the FCRA.",Closed with explanation,2  navy federal credit union     7500 00  all bureaus   i disputed a charged off credit card account from navy federal credit union with a balance of   7500 00  that is negatively impacting my credit report  all three credit bureaus continue to report it as verified  despite no valid documents being provided to me  under fcra 611   a     7    i requested the method of verification used to verify this account and have received no response  i demand a proper investigation and deletion if this account can not be fully validated with supporting documentation  reporting unverifiable or inaccurate information after a formal dispute is a direct violation of the fcra,667,108,193
18-06-2025,Credit reporting or other personal consumer reports,Incorrect information on your report,"I am filing this complaint to dispute the reporting of late payments by XXXX XXXX and XXXX XXXX XXXX XXXXXXXX across all three credit reporting agenciesXXXX XXXX, and TransUnion. Both accounts are currently showing late payment notations despite being reported with a past due balance of {$0.00}, which is factually inconsistent and damaging to my credit profile. 

To be specific, the XXXX XXXX account ending in XXXX indicates a late payment in XX/XX/XXXX with a past due balance of {$0.00}. Similarly, the XXXX XXXX XXXX  account ending in XXXX is marked with a late payment in XX/XX/XXXX, yet also reflects a past due amount of {$0.00}. These inconsistencies are misleading and violate the Fair Credit Reporting Act ( FCRA ) requirements to report only accurate and complete information.

According to the FCRA ( 15 U.S.C. 1681e ( b ) ), credit reporting agencies and furnishers must follow reasonable procedures to assure maximum possible accuracy. A reported delinquency with no past due balance strongly suggests that the payment status was either corrected, paid, or never delinquent to begin with. Continuing to display these accounts with derogatory remarks creates an inaccurate picture of my payment history and unfairly lowers my credit score.

These entries have led to real-world consequences, including higher interest rates and multiple denials of credit. It is unreasonable and legally questionable for credit reporting agencies to permit contradictory data to remain on my credit file, especially after the balance is paid and no payment is actually past due.",Closed with non-monetary relief,i am filing this complaint to dispute the reporting of late payments by xxxx xxxx and xxxx xxxx xxxx xxxxxxxx across all three credit reporting agenciesxxxx xxxx  and transunion  both accounts are currently showing late payment notations despite being reported with a past due balance of   0 00   which is factually inconsistent and damaging to my credit profile  to be specific  the xxxx xxxx account ending in xxxx indicates a late payment in xx xx xxxx with a past due balance of   0 00   similarly  the xxxx xxxx xxxx account ending in xxxx is marked with a late payment in xx xx xxxx  yet also reflects a past due amount of   0 00   these inconsistencies are misleading and violate the fair credit reporting act   fcra   requirements to report only accurate and complete information  according to the fcra   15 u s c  1681e   b      credit reporting agencies and furnishers must follow reasonable procedures to assure maximum possible accuracy  a reported delinquency with no past due balance strongly suggests that the payment status was either corrected  paid  or never delinquent to begin with  continuing to display these accounts with derogatory remarks creates an inaccurate picture of my payment history and unfairly lowers my credit score  these entries have led to real world consequences  including higher interest rates and multiple denials of credit  it is unreasonable and legally questionable for credit reporting agencies to permit contradictory data to remain on my credit file  especially after the balance is paid and no payment is actually past due,1572,253,194
11-10-2019,Mortgage,Applying for a mortgage or refinancing an existing mortgage,"I applied for a refinance with Quicken loans in mid XXXX. I was told the terms would be 3.99 % {$100000.00} loan with 2.125 % points, with those terms, I agreed to put a "" good faith deposit '' down of {$500.00} ( no one from Quicken told me that they could change the rates and terms after I put the deposit down ). Our appraisal came back at {$140000.00} and all of the sudden all rates and terms changed. ( I went to XXXX XXXX Mortgages and once again had an appraisal done 1 week later and it was {$160000.00}, {$37000.00} more! ). Anyway, Quicken changed my rates and terms no less than 5 times, even changing terms 2 times in one day! I thought good faith meant good faith by both parties. Their actions were not fair and entirely too confusing. Even my loan officer said she did not know what was going on. Of course, I no longer felt comfortable letting this company deal with my mortgage so I went to Ruoff and closed within a few weeks with no issues, but I am now out {$500.00} with Quicken and they refuse to return it. During this process, we also received calls from several different people from Quicken after we told them that we no longer wanted to work with them and some were even threatening, saying since we already applied with them, no other company would take us and we should just go with them. I don't think it is fair that I signed the "" good faith deposit '' saying I liked the terms and wanted to proceed, yet they did not show "" good faith '' back by changing terms over 5 times for no apparent reason. I think I should get my deposit back, as I did what I was suppose to do, they were the ones who did not. If this is allowed to continue, they could tell customers a false great rate and terms, take their money, then change terms and customers either have to accept the new terms or lose their money, it is not fair.",Closed with explanation,i applied for a refinance with quicken loans in mid xxxx  i was told the terms would be 3 99     100000 00  loan with 2 125   points  with those terms  i agreed to put a   good faith deposit    down of   500 00    no one from quicken told me that they could change the rates and terms after i put the deposit down    our appraisal came back at   140000 00  and all of the sudden all rates and terms changed    i went to xxxx xxxx mortgages and once again had an appraisal done 1 week later and it was   160000 00     37000 00  more     anyway  quicken changed my rates and terms no less than 5 times  even changing terms 2 times in one day  i thought good faith meant good faith by both parties  their actions were not fair and entirely too confusing  even my loan officer said she did not know what was going on  of course  i no longer felt comfortable letting this company deal with my mortgage so i went to ruoff and closed within a few weeks with no issues  but i am now out   500 00  with quicken and they refuse to return it  during this process  we also received calls from several different people from quicken after we told them that we no longer wanted to work with them and some were even threatening  saying since we already applied with them  no other company would take us and we should just go with them  i don t think it is fair that i signed the   good faith deposit    saying i liked the terms and wanted to proceed  yet they did not show   good faith    back by changing terms over 5 times for no apparent reason  i think i should get my deposit back  as i did what i was suppose to do  they were the ones who did not  if this is allowed to continue  they could tell customers a false great rate and terms  take their money  then change terms and customers either have to accept the new terms or lose their money  it is not fair,1847,353,195
05-06-2021,"Credit reporting, credit repair services, or other personal consumer reports",Incorrect information on your report,"There are two loans on my credit report that are not mine I have been disputing these for some time now and nothing is happening no one is helping me!!! 

XXXX - Acct # XXXX Amt {$2800.00} Opened XX/XX/2002 XXXX  - Acct # XXXX Amt {$2200.00} Opened XX/XX/2002 2002",Closed with explanation,there are two loans on my credit report that are not mine i have been disputing these for some time now and nothing is happening no one is helping me    xxxx   acct   xxxx amt   2800 00  opened xx xx 2002 xxxx   acct   xxxx amt   2200 00  opened xx xx 2002 2002,261,51,196
16-06-2024,Credit reporting or other personal consumer reports,Incorrect information on your report,I have a lot of collections on my credit and a open auto loan that I need removed off my credit because they are inaccurate,Closed with explanation,i have a lot of collections on my credit and a open auto loan that i need removed off my credit because they are inaccurate,123,25,197
22-05-2023,"Credit reporting, credit repair services, or other personal consumer reports",Incorrect information on your report,"Im submitting a complaint to you today to inform you I was the victim of identity theft. I researched on how to remove the fraudulent items in my report and found that I need to visit FEDERAL TRADE COMMISION or https : //www.ftc.gov to file a report and Per FCRA section 605b Credit Reporting Agencies are required to remove/block any items listed on an id theft report. Please find the ATTACHED documents to assist in the blocking of the erroneous information which is being posted to my report. 
Here is the list of items which do not belong to me or were opened without my permission. 
XXXX XXXX XXXX XXXX XXXX XXXX XXXX XXXX XXXX XXXX XXXX XXXX XXXX XXXX XXXX XXXX XXXX XXXX XXXX XXXX XXXX XXXX XXXX XXXX XXXX XXXX XXXX XXXX XXXX XXXX XXXX XXXX XXXX XXXX XXXX XXXX XXXX XXXX XXXX XXXX XXXX XXXX XXXX XXXX XXXX XXXX XXXX XXXX XXXX XXXX XXXX XXXX XXXX XXXX XXXX XXXX XXXX XXXX XXXX XXXX XXXX XXXX XXXX XXXX XXXX XXXX XXXX XXXX XXXX XXXX XXXX XXXX XXXX XXXX XXXX XXXX XXXX XXXX XXXX XXXX XXXX XXXX XXXX XXXX XXXX XXXX XXXX XXXX XXXX XXXX XXXX XXXX XXXX XXXX XXXX XXXX XXXX XXXX XXXX XXXX XXXX XXXX XXXX XXXX XXXX XXXX XXXX XXXX XXXX XXXX XXXX XXXX XXXX XXXX XXXX XXXX XXXX XXXX XXXX XXXX XXXX Inquired on XX/XX/XXXX According to FCRA Section 605B ( a ) the CREDIT REPORTING AGENCIES shall block any information in the file of a consumer that the consumer identifies as information that resulted from an alleged identity theft, not later than XXXX business days after the date of receipt.",Closed with non-monetary relief,im submitting a complaint to you today to inform you i was the victim of identity theft  i researched on how to remove the fraudulent items in my report and found that i need to visit federal trade commision or https     www ftc gov to file a report and per fcra section 605b credit reporting agencies are required to remove block any items listed on an id theft report  please find the attached documents to assist in the blocking of the erroneous information which is being posted to my report  here is the list of items which do not belong to me or were opened without my permission  xxxx xxxx xxxx xxxx xxxx xxxx xxxx xxxx xxxx xxxx xxxx xxxx xxxx xxxx xxxx xxxx xxxx xxxx xxxx xxxx xxxx xxxx xxxx xxxx xxxx xxxx xxxx xxxx xxxx xxxx xxxx xxxx xxxx xxxx xxxx xxxx xxxx xxxx xxxx xxxx xxxx xxxx xxxx xxxx xxxx xxxx xxxx xxxx xxxx xxxx xxxx xxxx xxxx xxxx xxxx xxxx xxxx xxxx xxxx xxxx xxxx xxxx xxxx xxxx xxxx xxxx xxxx xxxx xxxx xxxx xxxx xxxx xxxx xxxx xxxx xxxx xxxx xxxx xxxx xxxx xxxx xxxx xxxx xxxx xxxx xxxx xxxx xxxx xxxx xxxx xxxx xxxx xxxx xxxx xxxx xxxx xxxx xxxx xxxx xxxx xxxx xxxx xxxx xxxx xxxx xxxx xxxx xxxx xxxx xxxx xxxx xxxx xxxx xxxx xxxx xxxx xxxx xxxx xxxx xxxx xxxx inquired on xx xx xxxx according to fcra section 605b   a   the credit reporting agencies shall block any information in the file of a consumer that the consumer identifies as information that resulted from an alleged identity theft  not later than xxxx business days after the date of receipt,1485,278,198
11-11-2021,"Credit reporting, credit repair services, or other personal consumer reports",Improper use of your report,"My credit report contains information that is incorrect. It is your responsibility to accurately inform them about the information they require. Please undertake investigations and updates on these accounts and queries, or I will pursue legal action.",Closed with explanation,my credit report contains information that is incorrect  it is your responsibility to accurately inform them about the information they require  please undertake investigations and updates on these accounts and queries  or i will pursue legal action,249,37,199
